id,company_id,complaint_date,category,description,sentiment,severity,status,source
1,12,2025-07-09,loan,My installment amount appears different from the amount agreed in the contract.,negative,low,open,branch
2,15,2025-01-21,billing,A payment was recorded incorrectly on my account.,negative,medium,open,hotline
3,9,2025-12-06,loan,I requested a copy of my loan agreement but have not received it. Customer service handled my request professionally.,positive,medium,open,website
4,15,2026-01-23,billing,A payment was recorded incorrectly on my account.,negative,low,dismissed,website
5,2,2025-07-21,service,I have been waiting too long for a response from the company.,negative,low,resolved,branch
6,4,2025-02-22,billing,A payment was recorded incorrectly on my account.,negative,medium,resolved,website
7,13,2026-04-17,loan,The company contacted me repeatedly about a payment that I already made.,negative,high,resolved,website
8,11,2025-05-15,loan,My installment amount appears different from the amount agreed in the contract. I would like clarification about this transaction.,neutral,low,resolved,website
9,9,2026-07-01,billing,I was billed twice for the same service.,negative,medium,resolved,hotline
10,1,2025-07-26,service,The branch staff gave me conflicting information about my account. Please provide information about the status of my request.,neutral,low,open,website
11,15,2025-04-06,loan,I requested a copy of my loan agreement but have not received it.,negative,low,resolved,branch
12,4,2025-08-31,payment,I was charged after the payment had already been completed.,negative,low,dismissed,hotline
13,2,2025-11-27,billing,There is an incorrect charge on my account.,negative,medium,open,branch
14,7,2025-12-25,payment,My payment was deducted but the system still shows the amount as unpaid.,negative,medium,resolved,social_media
15,6,2026-01-09,service,Customer service did not resolve my issue despite several calls.,negative,medium,open,website
16,9,2025-03-22,service,Customer service did not resolve my issue despite several calls.,negative,low,resolved,hotline
17,17,2025-05-10,payment,The company has not reflected my recent payment correctly.,negative,low,dismissed,website
18,12,2026-09-02,service,I could not get a clear answer regarding the service I requested.,negative,medium,open,hotline
19,6,2026-02-07,service,Customer service did not resolve my issue despite several calls.,negative,medium,resolved,social_media
20,3,2025-12-04,payment,The company has not reflected my recent payment correctly.,negative,low,resolved,branch
21,8,2025-05-24,loan,I requested a copy of my loan agreement but have not received it. Please provide information about the status of my request.,neutral,high,resolved,website
22,16,2025-06-09,billing,A payment was recorded incorrectly on my account.,negative,high,dismissed,hotline
23,9,2026-08-10,insurance,I was charged a premium that does not match the information in my policy. I would like clarification about this transaction.,neutral,medium,resolved,social_media
24,17,2025-12-04,loan,I requested a copy of my loan agreement but have not received it.,negative,medium,dismissed,social_media
25,2,2026-05-19,billing,I was charged a fee that was not clearly disclosed.,negative,medium,open,branch
26,8,2025-01-22,payment,My payment was deducted but the system still shows the amount as unpaid.,negative,medium,resolved,hotline
27,14,2026-09-01,billing,I was charged a fee that was not clearly disclosed.,negative,high,resolved,branch
28,15,2026-05-27,service,My request was closed without solving the problem.,negative,medium,resolved,hotline
29,17,2025-12-15,payment,I was charged after the payment had already been completed.,negative,high,resolved,social_media
30,17,2025-11-19,billing,The invoice contains an amount that I did not authorize. My problem was solved and I received a clear explanation.,positive,low,open,website
31,18,2025-06-04,billing,I was billed twice for the same service. Customer service handled my request professionally.,positive,low,resolved,social_media
32,10,2026-06-22,payment,My payment was deducted but the system still shows the amount as unpaid. I am requesting an update regarding my case.,neutral,medium,resolved,website
33,3,2026-05-27,insurance,The settlement amount for my claim appears incorrect.,negative,low,resolved,website
34,14,2025-02-20,fraud,There are unauthorized charges on my account. I would like clarification about this transaction.,neutral,low,open,hotline
35,17,2025-01-05,loan,My installment amount appears different from the amount agreed in the contract.,negative,medium,resolved,website
36,7,2025-09-26,loan,The company contacted me repeatedly about a payment that I already made.,negative,medium,resolved,website
37,18,2026-04-19,service,The branch staff gave me conflicting information about my account. I would like clarification about this transaction.,neutral,low,resolved,website
38,9,2026-07-14,billing,There is an incorrect charge on my account.,negative,low,open,branch
39,8,2025-03-17,payment,My payment was deducted but the system still shows the amount as unpaid. My problem was solved and I received a clear explanation.,positive,low,resolved,hotline
40,16,2026-03-29,loan,The loan application has been delayed for several weeks and I have not received a clear explanation.,negative,low,open,branch
41,12,2025-01-23,loan,I was charged an unexpected fee on my loan and customer service did not explain the charge.,negative,medium,open,branch
42,10,2025-11-21,payment,The company has not reflected my recent payment correctly.,negative,medium,resolved,branch
43,13,2026-01-15,loan,I was charged an unexpected fee on my loan and customer service did not explain the charge.,negative,medium,dismissed,hotline
44,1,2025-10-12,service,The branch staff gave me conflicting information about my account. I would like clarification about this transaction.,neutral,medium,resolved,website
45,13,2026-08-28,insurance,The claim was rejected and I was not given a sufficient explanation.,negative,medium,open,hotline
46,10,2025-03-16,loan,I was charged an unexpected fee on my loan and customer service did not explain the charge.,negative,medium,resolved,branch
47,4,2025-04-09,service,My request was closed without solving the problem.,negative,low,resolved,hotline
48,16,2026-06-09,loan,The loan application has been delayed for several weeks and I have not received a clear explanation. I would like clarification about this transaction.,neutral,high,resolved,branch
49,3,2025-01-19,loan,The loan application has been delayed for several weeks and I have not received a clear explanation.,negative,medium,resolved,website
50,17,2026-05-21,loan,The company contacted me repeatedly about a payment that I already made. I am requesting an update regarding my case.,neutral,low,dismissed,social_media
51,15,2025-05-31,loan,The company contacted me repeatedly about a payment that I already made.,negative,medium,resolved,hotline
52,16,2025-08-03,fraud,I believe my account information may have been compromised. Customer service handled my request professionally.,positive,low,resolved,branch
53,11,2025-06-23,fraud,There are unauthorized charges on my account.,negative,high,resolved,hotline
54,13,2026-05-11,insurance,My insurance claim has been pending for a long time without a clear update. Please provide information about the status of my request.,neutral,low,resolved,website
55,13,2025-09-09,service,I could not get a clear answer regarding the service I requested.,negative,high,resolved,branch
56,19,2025-08-08,fraud,I reported a suspicious transaction but have not received a response.,negative,medium,resolved,website
57,20,2025-07-10,loan,The company contacted me repeatedly about a payment that I already made. I would like clarification about this transaction.,neutral,medium,resolved,social_media
58,17,2025-05-29,loan,The loan application has been delayed for several weeks and I have not received a clear explanation.,negative,high,open,social_media
59,16,2025-11-01,service,The branch staff gave me conflicting information about my account. I would like clarification about this transaction.,neutral,medium,open,website
60,14,2025-01-12,insurance,My insurance claim has been pending for a long time without a clear update.,negative,medium,dismissed,website
61,10,2025-11-12,payment,The company has not reflected my recent payment correctly.,negative,medium,open,hotline
62,18,2026-04-06,insurance,The settlement amount for my claim appears incorrect. My problem was solved and I received a clear explanation.,positive,low,resolved,branch
63,16,2025-01-10,loan,My installment amount appears different from the amount agreed in the contract. Please provide information about the status of my request.,neutral,low,resolved,social_media
64,18,2025-06-26,billing,I was charged a fee that was not clearly disclosed.,negative,medium,resolved,social_media
65,11,2026-05-26,billing,There is an incorrect charge on my account. My problem was solved and I received a clear explanation.,positive,low,open,website
66,1,2026-07-19,loan,I requested a copy of my loan agreement but have not received it. I would like clarification about this transaction.,neutral,medium,dismissed,hotline
67,5,2026-03-22,fraud,I reported a suspicious transaction but have not received a response.,negative,high,open,social_media
68,1,2025-04-28,billing,I was billed twice for the same service.,negative,low,resolved,branch
69,3,2025-10-30,service,I could not get a clear answer regarding the service I requested. I am requesting an update regarding my case.,neutral,low,resolved,hotline
70,15,2025-04-08,fraud,Someone appears to have used my account without authorization. I would like clarification about this transaction.,neutral,low,open,branch
71,18,2025-12-01,service,The branch staff gave me conflicting information about my account.,negative,medium,resolved,branch
72,10,2025-03-10,payment,I was charged after the payment had already been completed. Please provide information about the status of my request.,neutral,high,resolved,website
73,2,2025-07-02,billing,I was billed twice for the same service.,negative,medium,open,website
74,16,2025-04-03,loan,I requested a copy of my loan agreement but have not received it.,negative,medium,resolved,branch
75,18,2026-02-09,billing,The invoice contains an amount that I did not authorize.,negative,low,open,website
76,6,2025-03-14,loan,The loan application has been delayed for several weeks and I have not received a clear explanation.,negative,high,open,branch
77,15,2025-09-10,billing,The invoice contains an amount that I did not authorize. The issue was resolved quickly and the staff were helpful.,positive,low,resolved,website
78,20,2025-11-08,insurance,The claim was rejected and I was not given a sufficient explanation. Please provide information about the status of my request.,neutral,low,resolved,website
79,19,2025-01-15,fraud,I reported a suspicious transaction but have not received a response.,negative,medium,resolved,branch
80,5,2025-07-31,loan,The loan application has been delayed for several weeks and I have not received a clear explanation. Please provide information about the status of my request.,neutral,low,open,social_media
81,4,2026-01-04,service,Customer service did not resolve my issue despite several calls.,negative,low,resolved,hotline
82,12,2025-11-11,loan,The loan application has been delayed for several weeks and I have not received a clear explanation.,negative,high,resolved,website
83,13,2026-05-31,insurance,My insurance claim has been pending for a long time without a clear update.,negative,low,open,website
84,11,2025-08-11,loan,The loan application has been delayed for several weeks and I have not received a clear explanation.,negative,medium,resolved,social_media
85,6,2026-07-28,service,I could not get a clear answer regarding the service I requested. I would like clarification about this transaction.,neutral,medium,open,website
86,2,2025-08-13,billing,I was billed twice for the same service.,negative,medium,open,branch
87,20,2025-09-16,insurance,My insurance claim has been pending for a long time without a clear update.,negative,low,resolved,website
88,1,2026-08-19,service,I have been waiting too long for a response from the company.,negative,medium,open,hotline
89,1,2025-04-05,loan,The loan application has been delayed for several weeks and I have not received a clear explanation. I would like clarification about this transaction.,neutral,low,resolved,hotline
90,17,2026-07-01,payment,The company has not reflected my recent payment correctly. Customer service handled my request professionally.,positive,medium,dismissed,website
91,1,2025-06-14,fraud,There are unauthorized charges on my account. I would like clarification about this transaction.,neutral,medium,open,website
92,5,2025-10-22,insurance,The claim was rejected and I was not given a sufficient explanation. I am requesting an update regarding my case.,neutral,medium,resolved,hotline
93,8,2025-05-25,service,The branch staff gave me conflicting information about my account.,negative,medium,resolved,hotline
94,1,2026-08-02,service,I have been waiting too long for a response from the company.,negative,high,resolved,website
95,7,2025-08-19,fraud,Someone appears to have used my account without authorization.,negative,high,resolved,branch
96,4,2026-08-21,payment,My payment was deducted but the system still shows the amount as unpaid.,negative,low,resolved,website
97,2,2025-08-04,fraud,I reported a suspicious transaction but have not received a response. Please provide information about the status of my request.,neutral,medium,open,hotline
98,20,2026-02-15,service,My request was closed without solving the problem.,negative,medium,resolved,hotline
99,19,2026-07-04,billing,A payment was recorded incorrectly on my account.,negative,medium,resolved,social_media
100,6,2026-04-05,service,I have been waiting too long for a response from the company. Customer service handled my request professionally.,positive,low,resolved,hotline
101,12,2026-01-13,billing,A payment was recorded incorrectly on my account. I am requesting an update regarding my case.,neutral,medium,open,hotline
102,9,2026-02-09,service,My request was closed without solving the problem.,negative,high,dismissed,website
103,14,2026-03-07,loan,The loan application has been delayed for several weeks and I have not received a clear explanation.,negative,medium,open,hotline
104,9,2026-08-25,fraud,Someone appears to have used my account without authorization. I am requesting an update regarding my case.,neutral,medium,open,branch
105,11,2025-06-28,payment,The payment process failed several times even though my account had sufficient funds.,negative,high,resolved,website
106,7,2026-04-14,loan,The company contacted me repeatedly about a payment that I already made. I am requesting an update regarding my case.,neutral,medium,open,website
107,17,2025-12-26,loan,I requested a copy of my loan agreement but have not received it.,negative,medium,resolved,branch
108,17,2025-10-12,insurance,The settlement amount for my claim appears incorrect.,negative,medium,resolved,branch
109,17,2025-04-23,loan,My installment amount appears different from the amount agreed in the contract.,negative,medium,resolved,branch
110,18,2026-04-03,service,The branch staff gave me conflicting information about my account.,negative,low,resolved,social_media
111,19,2025-11-09,billing,A payment was recorded incorrectly on my account. I would like clarification about this transaction.,neutral,low,resolved,hotline
112,3,2025-02-20,insurance,I was charged a premium that does not match the information in my policy.,negative,medium,open,hotline
113,1,2026-05-15,billing,I was billed twice for the same service. Please provide information about the status of my request.,neutral,medium,resolved,social_media
114,5,2026-01-16,loan,I was charged an unexpected fee on my loan and customer service did not explain the charge.,negative,low,open,website
115,19,2026-01-21,billing,A payment was recorded incorrectly on my account.,negative,high,resolved,branch
116,3,2026-05-15,billing,A payment was recorded incorrectly on my account. I am requesting an update regarding my case.,neutral,low,resolved,branch
117,12,2025-04-25,loan,I was charged an unexpected fee on my loan and customer service did not explain the charge.,negative,high,resolved,website
118,17,2025-01-04,insurance,The claim was rejected and I was not given a sufficient explanation.,negative,low,open,hotline
119,13,2025-02-03,billing,I was charged a fee that was not clearly disclosed.,negative,high,open,hotline
120,17,2025-06-17,service,I have been waiting too long for a response from the company. I am requesting an update regarding my case.,neutral,low,open,social_media
121,2,2026-07-12,billing,There is an incorrect charge on my account.,negative,medium,resolved,branch
122,2,2025-10-23,loan,My installment amount appears different from the amount agreed in the contract.,negative,low,resolved,website
123,11,2026-02-10,service,Customer service did not resolve my issue despite several calls. I would like clarification about this transaction.,neutral,high,resolved,social_media
124,5,2026-05-22,service,I have been waiting too long for a response from the company.,negative,low,resolved,website
125,13,2025-03-02,loan,The loan application has been delayed for several weeks and I have not received a clear explanation. I am requesting an update regarding my case.,neutral,low,resolved,branch
126,11,2026-04-23,billing,There is an incorrect charge on my account.,negative,high,resolved,hotline
127,6,2026-07-23,billing,The invoice contains an amount that I did not authorize.,negative,high,dismissed,hotline
128,17,2025-07-19,loan,My installment amount appears different from the amount agreed in the contract. I am requesting an update regarding my case.,neutral,medium,resolved,hotline
129,18,2026-02-05,service,The branch staff gave me conflicting information about my account. The issue was resolved quickly and the staff were helpful.,positive,low,open,hotline
130,7,2026-08-17,loan,The company contacted me repeatedly about a payment that I already made. I would like clarification about this transaction.,neutral,high,dismissed,social_media
131,20,2025-07-07,payment,The payment process failed several times even though my account had sufficient funds.,negative,medium,resolved,branch
132,13,2026-05-12,loan,The company contacted me repeatedly about a payment that I already made.,negative,medium,resolved,hotline
133,4,2025-11-07,fraud,I noticed a transaction that I do not recognize on my account. I am requesting an update regarding my case.,neutral,medium,resolved,website
134,3,2025-01-29,payment,A payment was delayed and this caused an additional fee. I am requesting an update regarding my case.,neutral,low,dismissed,website
135,17,2025-12-25,service,My request was closed without solving the problem.,negative,medium,open,branch
136,20,2025-10-20,fraud,I noticed a transaction that I do not recognize on my account.,negative,high,open,website
137,16,2025-03-02,loan,The loan application has been delayed for several weeks and I have not received a clear explanation.,negative,medium,open,social_media
138,5,2026-07-29,loan,My installment amount appears different from the amount agreed in the contract. Please provide information about the status of my request.,neutral,low,dismissed,website
139,19,2026-06-01,service,I have been waiting too long for a response from the company.,negative,medium,open,social_media
140,5,2026-02-23,billing,There is an incorrect charge on my account.,negative,medium,resolved,website
141,18,2025-03-30,service,Customer service did not resolve my issue despite several calls.,negative,high,open,website
142,9,2025-07-14,payment,I was charged after the payment had already been completed.,negative,high,open,website
143,2,2025-05-04,payment,My payment was deducted but the system still shows the amount as unpaid.,negative,high,resolved,website
144,15,2026-08-16,loan,My installment amount appears different from the amount agreed in the contract. Please provide information about the status of my request.,neutral,low,dismissed,website
145,18,2025-10-16,service,My request was closed without solving the problem. I would like clarification about this transaction.,neutral,low,resolved,hotline
146,6,2025-06-19,service,I could not get a clear answer regarding the service I requested. I would like clarification about this transaction.,neutral,low,open,website
147,4,2026-06-19,billing,A payment was recorded incorrectly on my account.,negative,high,resolved,website
148,10,2026-08-12,loan,My installment amount appears different from the amount agreed in the contract.,negative,high,open,hotline
149,12,2026-03-24,loan,The company contacted me repeatedly about a payment that I already made.,negative,high,resolved,website
150,13,2025-12-01,fraud,I reported a suspicious transaction but have not received a response. Please provide information about the status of my request.,neutral,low,resolved,branch
151,5,2026-06-08,loan,I requested a copy of my loan agreement but have not received it.,negative,medium,dismissed,website
152,17,2025-10-12,billing,There is an incorrect charge on my account.,negative,low,resolved,social_media
153,12,2025-03-20,fraud,I reported a suspicious transaction but have not received a response.,negative,high,open,hotline
154,19,2026-05-04,insurance,The claim was rejected and I was not given a sufficient explanation.,negative,medium,dismissed,website
155,7,2025-01-22,service,My request was closed without solving the problem.,negative,low,open,hotline
156,11,2026-03-29,insurance,My insurance claim has been pending for a long time without a clear update. The issue was resolved quickly and the staff were helpful.,positive,medium,resolved,hotline
157,3,2026-06-08,insurance,The claim was rejected and I was not given a sufficient explanation. I would like clarification about this transaction.,neutral,medium,open,social_media
158,18,2025-01-27,payment,A payment was delayed and this caused an additional fee. Customer service handled my request professionally.,positive,low,open,website
159,14,2026-06-11,service,The branch staff gave me conflicting information about my account. I am requesting an update regarding my case.,neutral,high,dismissed,website
160,14,2026-05-16,billing,A payment was recorded incorrectly on my account.,negative,medium,open,website
161,2,2026-01-01,fraud,I reported a suspicious transaction but have not received a response. The issue was resolved quickly and the staff were helpful.,positive,low,open,branch
162,15,2025-08-02,billing,The invoice contains an amount that I did not authorize.,negative,high,resolved,website
163,19,2025-04-02,loan,The loan application has been delayed for several weeks and I have not received a clear explanation.,negative,medium,open,branch
164,20,2026-08-12,insurance,The claim was rejected and I was not given a sufficient explanation.,negative,medium,open,branch
165,20,2026-03-04,service,I have been waiting too long for a response from the company. Customer service handled my request professionally.,positive,low,resolved,website
166,17,2026-02-20,payment,I was charged after the payment had already been completed.,negative,low,dismissed,website
167,9,2026-04-04,fraud,Someone appears to have used my account without authorization.,negative,high,resolved,branch
168,20,2025-01-12,billing,I was billed twice for the same service. I would like clarification about this transaction.,neutral,medium,resolved,hotline
169,12,2025-11-05,loan,The company contacted me repeatedly about a payment that I already made.,negative,medium,resolved,hotline
170,19,2025-02-04,loan,I was charged an unexpected fee on my loan and customer service did not explain the charge.,negative,medium,resolved,branch
171,15,2026-05-31,insurance,The company has not responded to my insurance complaint.,negative,high,resolved,hotline
172,12,2025-04-27,fraud,There are unauthorized charges on my account.,negative,high,resolved,branch
173,2,2025-07-05,service,I have been waiting too long for a response from the company.,negative,medium,resolved,social_media
174,12,2026-04-23,service,I have been waiting too long for a response from the company.,negative,medium,open,hotline
175,10,2026-01-16,insurance,The claim was rejected and I was not given a sufficient explanation.,negative,high,resolved,website
176,15,2025-01-28,billing,There is an incorrect charge on my account.,negative,low,resolved,branch
177,2,2025-10-30,payment,I was charged after the payment had already been completed.,negative,medium,open,social_media
178,11,2026-05-28,payment,The payment process failed several times even though my account had sufficient funds.,negative,medium,open,branch
179,20,2025-06-05,service,The branch staff gave me conflicting information about my account. I am requesting an update regarding my case.,neutral,low,resolved,hotline
180,15,2025-10-20,payment,The company has not reflected my recent payment correctly.,negative,low,dismissed,website
181,20,2025-07-25,loan,The loan application has been delayed for several weeks and I have not received a clear explanation.,negative,medium,dismissed,branch
182,12,2025-07-04,loan,The company contacted me repeatedly about a payment that I already made.,negative,medium,open,branch
183,7,2025-11-04,service,The branch staff gave me conflicting information about my account.,negative,medium,open,website
184,16,2025-12-18,payment,The company has not reflected my recent payment correctly.,negative,high,open,hotline
185,6,2025-05-25,payment,The payment process failed several times even though my account had sufficient funds.,negative,high,resolved,website
186,8,2025-05-27,payment,My payment was deducted but the system still shows the amount as unpaid.,negative,high,resolved,hotline
187,16,2026-07-29,payment,I was charged after the payment had already been completed.,negative,medium,open,hotline
188,9,2026-09-02,payment,My payment was deducted but the system still shows the amount as unpaid. I am requesting an update regarding my case.,neutral,low,open,website
189,6,2025-12-10,insurance,I was charged a premium that does not match the information in my policy. Please provide information about the status of my request.,neutral,medium,open,social_media
190,7,2026-04-18,loan,The loan application has been delayed for several weeks and I have not received a clear explanation.,negative,medium,resolved,branch
191,1,2025-01-03,insurance,My insurance claim has been pending for a long time without a clear update.,negative,low,resolved,website
192,8,2025-10-20,service,I could not get a clear answer regarding the service I requested.,negative,medium,resolved,branch
193,15,2025-01-21,service,The branch staff gave me conflicting information about my account. Please provide information about the status of my request.,neutral,medium,resolved,branch
194,11,2025-05-21,loan,The company contacted me repeatedly about a payment that I already made. I am requesting an update regarding my case.,neutral,medium,resolved,website
195,19,2025-06-05,loan,The company contacted me repeatedly about a payment that I already made.,negative,medium,resolved,social_media
196,3,2025-12-11,billing,I was billed twice for the same service.,negative,medium,open,branch
197,11,2026-03-21,loan,I requested a copy of my loan agreement but have not received it.,negative,medium,resolved,website
198,10,2025-12-28,payment,The company has not reflected my recent payment correctly.,negative,high,resolved,website
199,15,2026-08-07,payment,I was charged after the payment had already been completed. I am requesting an update regarding my case.,neutral,medium,resolved,website
200,16,2025-05-26,billing,The invoice contains an amount that I did not authorize. Please provide information about the status of my request.,neutral,medium,resolved,hotline
201,19,2026-03-08,billing,There is an incorrect charge on my account.,negative,low,open,social_media
202,5,2026-03-17,billing,A payment was recorded incorrectly on my account.,negative,medium,open,hotline
203,2,2026-04-04,insurance,The settlement amount for my claim appears incorrect.,negative,medium,resolved,hotline
204,7,2025-02-05,insurance,I was charged a premium that does not match the information in my policy.,negative,medium,dismissed,hotline
205,8,2026-07-15,billing,A payment was recorded incorrectly on my account.,negative,medium,open,branch
206,2,2026-01-16,billing,A payment was recorded incorrectly on my account.,negative,medium,resolved,hotline
207,3,2025-04-26,loan,I was charged an unexpected fee on my loan and customer service did not explain the charge. Customer service handled my request professionally.,positive,low,dismissed,branch
208,8,2026-03-22,billing,I was billed twice for the same service. The issue was resolved quickly and the staff were helpful.,positive,low,resolved,website
209,16,2025-04-14,loan,I requested a copy of my loan agreement but have not received it. My problem was solved and I received a clear explanation.,positive,medium,open,branch
210,5,2026-04-01,fraud,There are unauthorized charges on my account.,negative,high,open,website
211,7,2025-04-24,payment,I was charged after the payment had already been completed. Please provide information about the status of my request.,neutral,low,open,website
212,13,2026-02-11,service,My request was closed without solving the problem.,negative,low,resolved,hotline
213,4,2025-08-27,payment,A payment was delayed and this caused an additional fee. I would like clarification about this transaction.,neutral,high,resolved,website
214,17,2025-03-08,loan,I was charged an unexpected fee on my loan and customer service did not explain the charge.,negative,medium,resolved,hotline
215,16,2025-07-25,insurance,My insurance claim has been pending for a long time without a clear update.,negative,low,open,website
216,20,2025-04-20,billing,I was billed twice for the same service. I am requesting an update regarding my case.,neutral,low,open,hotline
217,16,2026-04-27,fraud,I believe my account information may have been compromised.,negative,high,resolved,hotline
218,8,2026-08-31,service,I could not get a clear answer regarding the service I requested.,negative,high,resolved,social_media
219,13,2025-09-11,payment,The company has not reflected my recent payment correctly.,negative,low,resolved,website
220,2,2026-01-17,billing,The invoice contains an amount that I did not authorize.,negative,medium,open,website
221,11,2026-05-09,fraud,I noticed a transaction that I do not recognize on my account.,negative,medium,open,hotline
222,19,2026-01-15,loan,I requested a copy of my loan agreement but have not received it.,negative,medium,open,website
223,20,2026-07-28,loan,I requested a copy of my loan agreement but have not received it.,negative,medium,open,social_media
224,3,2025-07-02,service,I could not get a clear answer regarding the service I requested.,negative,low,resolved,social_media
225,2,2026-02-27,loan,The company contacted me repeatedly about a payment that I already made.,negative,low,resolved,website
226,5,2025-06-13,insurance,The settlement amount for my claim appears incorrect. I am requesting an update regarding my case.,neutral,high,resolved,social_media
227,17,2026-05-25,loan,I requested a copy of my loan agreement but have not received it.,negative,medium,open,website
228,4,2026-07-08,payment,The company has not reflected my recent payment correctly.,negative,high,resolved,social_media
229,10,2026-07-14,payment,My payment was deducted but the system still shows the amount as unpaid.,negative,medium,dismissed,hotline
230,1,2025-07-19,payment,The payment process failed several times even though my account had sufficient funds.,negative,medium,resolved,branch
231,17,2025-03-28,billing,A payment was recorded incorrectly on my account.,negative,high,open,social_media
232,5,2025-05-28,loan,The loan application has been delayed for several weeks and I have not received a clear explanation. I am requesting an update regarding my case.,neutral,low,open,website
233,8,2026-05-06,service,I could not get a clear answer regarding the service I requested.,negative,medium,resolved,website
234,5,2025-12-26,service,I have been waiting too long for a response from the company.,negative,low,dismissed,website
235,9,2025-08-05,service,I have been waiting too long for a response from the company.,negative,low,open,website
236,18,2025-12-17,insurance,The company has not responded to my insurance complaint.,negative,high,resolved,hotline
237,16,2026-05-03,payment,The company has not reflected my recent payment correctly.,negative,low,open,hotline
238,14,2026-03-11,service,Customer service did not resolve my issue despite several calls.,negative,low,dismissed,hotline
239,14,2025-08-21,loan,The company contacted me repeatedly about a payment that I already made.,negative,high,resolved,hotline
240,15,2025-08-24,insurance,The settlement amount for my claim appears incorrect.,negative,high,resolved,hotline
241,11,2025-08-01,insurance,I was charged a premium that does not match the information in my policy.,negative,medium,resolved,website
242,15,2026-02-25,loan,I was charged an unexpected fee on my loan and customer service did not explain the charge.,negative,medium,resolved,hotline
243,1,2025-08-17,service,The branch staff gave me conflicting information about my account.,negative,low,resolved,social_media
244,15,2025-04-14,loan,I was charged an unexpected fee on my loan and customer service did not explain the charge.,negative,low,resolved,social_media
245,3,2025-03-07,service,I have been waiting too long for a response from the company.,negative,medium,resolved,hotline
246,9,2025-07-28,service,Customer service did not resolve my issue despite several calls.,negative,low,resolved,website
247,14,2025-07-30,insurance,The claim was rejected and I was not given a sufficient explanation. I would like clarification about this transaction.,neutral,medium,resolved,branch
248,5,2026-04-14,loan,The company contacted me repeatedly about a payment that I already made.,negative,medium,open,website
249,8,2025-04-29,loan,I was charged an unexpected fee on my loan and customer service did not explain the charge.,negative,medium,resolved,website
250,7,2026-06-20,service,The branch staff gave me conflicting information about my account.,negative,medium,resolved,hotline
251,2,2026-02-10,billing,The invoice contains an amount that I did not authorize.,negative,high,resolved,website
252,13,2025-12-16,fraud,Someone appears to have used my account without authorization.,negative,high,resolved,branch
253,17,2025-04-28,service,I have been waiting too long for a response from the company.,negative,low,resolved,hotline
254,13,2025-05-04,loan,I requested a copy of my loan agreement but have not received it.,negative,low,resolved,social_media
255,11,2025-09-11,fraud,Someone appears to have used my account without authorization.,negative,medium,resolved,branch
256,13,2026-08-04,billing,The invoice contains an amount that I did not authorize.,negative,high,open,branch
257,5,2025-10-22,service,My request was closed without solving the problem.,negative,medium,open,website
258,18,2026-07-23,payment,My payment was deducted but the system still shows the amount as unpaid.,negative,low,open,website
259,20,2025-06-12,billing,A payment was recorded incorrectly on my account.,negative,low,open,website
260,14,2026-08-19,insurance,The claim was rejected and I was not given a sufficient explanation. Please provide information about the status of my request.,neutral,low,resolved,website
261,18,2026-02-03,payment,My payment was deducted but the system still shows the amount as unpaid.,negative,medium,resolved,website
262,18,2025-05-22,fraud,I reported a suspicious transaction but have not received a response. My problem was solved and I received a clear explanation.,positive,medium,resolved,hotline
263,5,2026-01-06,payment,The payment process failed several times even though my account had sufficient funds.,negative,medium,open,branch
264,12,2026-08-21,insurance,My insurance claim has been pending for a long time without a clear update.,negative,medium,resolved,website
265,1,2025-06-26,service,My request was closed without solving the problem.,negative,medium,resolved,hotline
266,17,2025-03-07,billing,I was billed twice for the same service.,negative,low,dismissed,hotline
267,10,2026-07-25,service,The branch staff gave me conflicting information about my account.,negative,medium,open,branch
268,10,2025-08-02,payment,A payment was delayed and this caused an additional fee. I would like clarification about this transaction.,neutral,medium,resolved,hotline
269,15,2025-02-27,insurance,The settlement amount for my claim appears incorrect.,negative,low,open,social_media
270,17,2025-08-15,loan,The loan application has been delayed for several weeks and I have not received a clear explanation.,negative,medium,open,branch
271,6,2025-09-25,service,Customer service did not resolve my issue despite several calls.,negative,low,resolved,website
272,10,2025-08-26,loan,I requested a copy of my loan agreement but have not received it. I am requesting an update regarding my case.,neutral,medium,resolved,branch
273,8,2025-09-16,service,I could not get a clear answer regarding the service I requested.,negative,medium,open,social_media
274,18,2025-09-17,loan,The loan application has been delayed for several weeks and I have not received a clear explanation.,negative,low,resolved,hotline
275,6,2026-06-17,payment,A payment was delayed and this caused an additional fee. I would like clarification about this transaction.,neutral,low,dismissed,branch
276,13,2025-05-11,insurance,The company has not responded to my insurance complaint. I would like clarification about this transaction.,neutral,medium,open,hotline
277,1,2025-09-22,loan,I requested a copy of my loan agreement but have not received it. Please provide information about the status of my request.,neutral,low,dismissed,branch
278,20,2025-08-14,payment,A payment was delayed and this caused an additional fee. I am requesting an update regarding my case.,neutral,low,resolved,branch
279,3,2026-06-30,payment,The payment process failed several times even though my account had sufficient funds.,negative,low,open,hotline
280,9,2025-10-16,fraud,Someone appears to have used my account without authorization. I am requesting an update regarding my case.,neutral,low,resolved,hotline
281,20,2025-07-20,fraud,Someone appears to have used my account without authorization.,negative,high,open,website
282,20,2025-08-15,insurance,I was charged a premium that does not match the information in my policy.,negative,medium,open,website
283,14,2025-04-25,fraud,There are unauthorized charges on my account. I would like clarification about this transaction.,neutral,medium,open,social_media
284,1,2026-05-16,payment,A payment was delayed and this caused an additional fee.,negative,low,resolved,branch
285,8,2025-09-27,loan,My installment amount appears different from the amount agreed in the contract. Customer service handled my request professionally.,positive,low,open,branch
286,6,2025-06-22,insurance,My insurance claim has been pending for a long time without a clear update.,negative,high,resolved,hotline
287,7,2026-02-02,billing,There is an incorrect charge on my account.,negative,high,open,social_media
288,6,2025-03-30,loan,I requested a copy of my loan agreement but have not received it.,negative,low,open,branch
289,14,2026-05-29,billing,The invoice contains an amount that I did not authorize.,negative,medium,resolved,website
290,9,2025-09-25,insurance,My insurance claim has been pending for a long time without a clear update. My problem was solved and I received a clear explanation.,positive,low,open,hotline
291,3,2025-07-20,insurance,The claim was rejected and I was not given a sufficient explanation.,negative,medium,open,website
292,9,2026-02-28,billing,There is an incorrect charge on my account.,negative,high,open,hotline
293,12,2026-07-04,payment,My payment was deducted but the system still shows the amount as unpaid.,negative,low,open,social_media
294,20,2026-08-02,fraud,I reported a suspicious transaction but have not received a response.,negative,high,open,branch
295,12,2025-08-02,payment,The payment process failed several times even though my account had sufficient funds.,negative,high,open,branch
296,18,2026-03-17,service,I could not get a clear answer regarding the service I requested.,negative,high,open,branch
297,13,2025-02-18,service,The branch staff gave me conflicting information about my account.,negative,medium,resolved,branch
298,14,2025-11-14,loan,My installment amount appears different from the amount agreed in the contract. I am requesting an update regarding my case.,neutral,low,resolved,hotline
299,10,2026-07-25,insurance,My insurance claim has been pending for a long time without a clear update.,negative,low,resolved,website
300,7,2026-07-11,billing,I was charged a fee that was not clearly disclosed.,negative,low,resolved,social_media
301,1,2025-08-28,service,The branch staff gave me conflicting information about my account.,negative,high,resolved,hotline
302,1,2025-11-20,payment,The company has not reflected my recent payment correctly. I am requesting an update regarding my case.,neutral,medium,open,website
303,1,2025-11-28,service,I have been waiting too long for a response from the company.,negative,medium,resolved,social_media
304,19,2025-09-23,service,I have been waiting too long for a response from the company.,negative,medium,resolved,hotline
305,14,2026-05-29,billing,There is an incorrect charge on my account.,negative,high,resolved,website
306,6,2025-12-23,payment,The payment process failed several times even though my account had sufficient funds.,negative,medium,open,branch
307,17,2026-02-24,insurance,My insurance claim has been pending for a long time without a clear update. I am requesting an update regarding my case.,neutral,low,resolved,social_media
308,3,2026-03-27,loan,The loan application has been delayed for several weeks and I have not received a clear explanation.,negative,medium,resolved,hotline
309,3,2025-04-28,payment,My payment was deducted but the system still shows the amount as unpaid.,negative,medium,resolved,branch
310,4,2025-07-12,service,I have been waiting too long for a response from the company.,negative,medium,open,social_media
311,15,2026-04-20,loan,The company contacted me repeatedly about a payment that I already made.,negative,medium,open,branch
312,11,2025-01-31,insurance,The settlement amount for my claim appears incorrect.,negative,high,resolved,hotline
313,4,2025-06-04,loan,I was charged an unexpected fee on my loan and customer service did not explain the charge.,negative,low,resolved,social_media
314,14,2026-06-26,loan,My installment amount appears different from the amount agreed in the contract.,negative,low,resolved,branch
315,10,2025-07-20,payment,I was charged after the payment had already been completed.,negative,medium,resolved,branch
316,17,2025-06-14,loan,My installment amount appears different from the amount agreed in the contract. The issue was resolved quickly and the staff were helpful.,positive,low,open,branch
317,9,2025-12-20,billing,I was billed twice for the same service.,negative,low,resolved,branch
318,13,2026-05-14,loan,The loan application has been delayed for several weeks and I have not received a clear explanation.,negative,medium,open,hotline
319,1,2025-09-30,billing,I was charged a fee that was not clearly disclosed.,negative,medium,resolved,branch
320,3,2025-06-13,payment,My payment was deducted but the system still shows the amount as unpaid. I would like clarification about this transaction.,neutral,low,resolved,website
321,19,2026-01-30,loan,My installment amount appears different from the amount agreed in the contract. I would like clarification about this transaction.,neutral,low,resolved,website
322,7,2025-05-27,loan,The loan application has been delayed for several weeks and I have not received a clear explanation.,negative,medium,open,social_media
323,16,2025-08-04,loan,I requested a copy of my loan agreement but have not received it. I would like clarification about this transaction.,neutral,low,resolved,branch
324,15,2026-08-27,billing,There is an incorrect charge on my account.,negative,medium,resolved,branch
325,19,2025-12-03,billing,A payment was recorded incorrectly on my account. I would like clarification about this transaction.,neutral,low,open,social_media
326,17,2025-10-14,insurance,I was charged a premium that does not match the information in my policy.,negative,low,open,social_media
327,16,2025-10-04,fraud,I believe my account information may have been compromised.,negative,high,resolved,hotline
328,16,2025-01-19,payment,My payment was deducted but the system still shows the amount as unpaid.,negative,low,dismissed,website
329,18,2026-07-03,billing,There is an incorrect charge on my account.,negative,low,open,branch
330,1,2026-07-01,loan,The company contacted me repeatedly about a payment that I already made. I am requesting an update regarding my case.,neutral,medium,resolved,social_media
331,2,2025-12-21,loan,The loan application has been delayed for several weeks and I have not received a clear explanation. Please provide information about the status of my request.,neutral,low,resolved,website
332,8,2025-12-24,loan,I requested a copy of my loan agreement but have not received it.,negative,medium,open,website
333,16,2026-03-26,billing,There is an incorrect charge on my account.,negative,medium,resolved,website
334,13,2025-01-27,billing,A payment was recorded incorrectly on my account. I would like clarification about this transaction.,neutral,medium,dismissed,branch
335,7,2025-11-09,service,Customer service did not resolve my issue despite several calls.,negative,low,open,website
336,17,2025-01-14,fraud,Someone appears to have used my account without authorization.,negative,high,open,hotline
337,18,2025-02-28,fraud,There are unauthorized charges on my account.,negative,medium,resolved,website
338,8,2026-08-14,insurance,The claim was rejected and I was not given a sufficient explanation.,negative,medium,open,hotline
339,17,2026-01-25,service,I have been waiting too long for a response from the company.,negative,medium,resolved,hotline
340,5,2026-03-04,payment,I was charged after the payment had already been completed. The issue was resolved quickly and the staff were helpful.,positive,low,open,hotline
341,4,2026-02-25,fraud,I reported a suspicious transaction but have not received a response.,negative,high,resolved,social_media
342,17,2025-06-24,billing,I was billed twice for the same service.,negative,high,resolved,hotline
343,11,2026-06-17,billing,There is an incorrect charge on my account.,negative,low,resolved,social_media
344,20,2026-07-07,fraud,There are unauthorized charges on my account. The issue was resolved quickly and the staff were helpful.,positive,low,dismissed,branch
345,3,2025-01-13,service,I have been waiting too long for a response from the company.,negative,medium,open,social_media
346,18,2025-04-10,billing,A payment was recorded incorrectly on my account. I am requesting an update regarding my case.,neutral,medium,resolved,social_media
347,13,2025-01-28,fraud,I believe my account information may have been compromised.,negative,medium,resolved,hotline
348,6,2025-08-23,billing,I was charged a fee that was not clearly disclosed.,negative,medium,resolved,website
349,3,2026-07-12,billing,There is an incorrect charge on my account.,negative,medium,open,hotline
350,13,2025-04-21,service,I have been waiting too long for a response from the company.,negative,low,resolved,branch
351,6,2025-08-18,service,I could not get a clear answer regarding the service I requested.,negative,medium,dismissed,branch
352,1,2026-05-17,insurance,The company has not responded to my insurance complaint.,negative,low,open,social_media
353,10,2025-02-02,fraud,I noticed a transaction that I do not recognize on my account.,negative,medium,open,website
354,7,2025-11-03,insurance,The company has not responded to my insurance complaint.,negative,low,resolved,social_media
355,9,2025-07-14,service,Customer service did not resolve my issue despite several calls.,negative,low,open,website
356,9,2026-08-25,payment,The payment process failed several times even though my account had sufficient funds.,negative,medium,resolved,website
357,8,2025-10-05,payment,I was charged after the payment had already been completed.,negative,medium,resolved,hotline
358,9,2025-10-28,insurance,The claim was rejected and I was not given a sufficient explanation.,negative,low,resolved,hotline
359,19,2025-02-18,loan,The company contacted me repeatedly about a payment that I already made.,negative,high,open,hotline
360,15,2025-01-05,payment,The company has not reflected my recent payment correctly.,negative,low,resolved,hotline
361,20,2026-07-27,billing,The invoice contains an amount that I did not authorize.,negative,medium,open,hotline
362,14,2026-06-02,loan,I was charged an unexpected fee on my loan and customer service did not explain the charge.,negative,low,resolved,hotline
363,8,2026-05-07,insurance,I was charged a premium that does not match the information in my policy.,negative,low,dismissed,branch
364,6,2026-08-24,loan,I requested a copy of my loan agreement but have not received it. My problem was solved and I received a clear explanation.,positive,medium,resolved,website
365,18,2025-09-02,billing,I was billed twice for the same service. My problem was solved and I received a clear explanation.,positive,low,resolved,hotline
366,16,2025-02-08,payment,I was charged after the payment had already been completed. Please provide information about the status of my request.,neutral,medium,open,hotline
367,17,2026-05-27,loan,I was charged an unexpected fee on my loan and customer service did not explain the charge. Please provide information about the status of my request.,neutral,medium,resolved,hotline
368,10,2026-08-26,payment,I was charged after the payment had already been completed.,negative,medium,resolved,hotline
369,5,2025-09-04,insurance,The settlement amount for my claim appears incorrect.,negative,medium,open,website
370,2,2025-12-25,payment,My payment was deducted but the system still shows the amount as unpaid. I am requesting an update regarding my case.,neutral,medium,open,website
371,14,2025-04-24,billing,I was charged a fee that was not clearly disclosed.,negative,medium,resolved,hotline
372,1,2025-07-12,loan,The company contacted me repeatedly about a payment that I already made. My problem was solved and I received a clear explanation.,positive,low,open,website
373,17,2025-04-09,loan,The company contacted me repeatedly about a payment that I already made.,negative,medium,resolved,hotline
374,12,2026-02-09,fraud,I reported a suspicious transaction but have not received a response.,negative,high,dismissed,hotline
375,14,2025-05-27,fraud,Someone appears to have used my account without authorization. Please provide information about the status of my request.,neutral,low,resolved,website
376,16,2026-01-02,payment,The company has not reflected my recent payment correctly.,negative,medium,open,social_media
377,8,2026-03-09,loan,I requested a copy of my loan agreement but have not received it.,negative,medium,resolved,website
378,20,2026-07-20,service,My request was closed without solving the problem.,negative,medium,resolved,hotline
379,6,2026-01-19,loan,I was charged an unexpected fee on my loan and customer service did not explain the charge.,negative,low,open,branch
380,19,2025-12-09,loan,I requested a copy of my loan agreement but have not received it. Customer service handled my request professionally.,positive,low,resolved,branch
381,18,2026-01-14,payment,I was charged after the payment had already been completed.,negative,high,open,branch
382,15,2025-07-21,payment,I was charged after the payment had already been completed.,negative,low,resolved,branch
383,2,2026-07-14,fraud,I noticed a transaction that I do not recognize on my account.,negative,high,resolved,branch
384,20,2025-03-22,billing,The invoice contains an amount that I did not authorize. Please provide information about the status of my request.,neutral,medium,resolved,website
385,9,2026-02-11,service,I have been waiting too long for a response from the company.,negative,medium,resolved,social_media
386,7,2025-09-19,payment,My payment was deducted but the system still shows the amount as unpaid.,negative,high,open,branch
387,20,2025-07-11,payment,A payment was delayed and this caused an additional fee.,negative,medium,resolved,branch
388,1,2025-02-12,insurance,The claim was rejected and I was not given a sufficient explanation.,negative,medium,resolved,branch
389,20,2025-06-17,loan,I was charged an unexpected fee on my loan and customer service did not explain the charge.,negative,high,open,hotline
390,19,2026-04-28,service,My request was closed without solving the problem.,negative,high,open,hotline
391,19,2026-01-11,service,The branch staff gave me conflicting information about my account. I am requesting an update regarding my case.,neutral,low,open,website
392,19,2025-05-04,service,The branch staff gave me conflicting information about my account. I would like clarification about this transaction.,neutral,high,open,hotline
393,1,2026-07-23,service,My request was closed without solving the problem.,negative,medium,resolved,branch
394,14,2026-03-26,billing,The invoice contains an amount that I did not authorize.,negative,low,open,hotline
395,15,2026-02-07,service,Customer service did not resolve my issue despite several calls.,negative,medium,resolved,website
396,20,2025-01-17,insurance,The claim was rejected and I was not given a sufficient explanation. The issue was resolved quickly and the staff were helpful.,positive,medium,open,branch
397,2,2025-07-23,payment,I was charged after the payment had already been completed. The issue was resolved quickly and the staff were helpful.,positive,low,resolved,branch
398,7,2025-06-15,insurance,The claim was rejected and I was not given a sufficient explanation.,negative,medium,resolved,branch
399,11,2025-04-18,billing,The invoice contains an amount that I did not authorize.,negative,high,open,website
400,19,2025-03-14,billing,I was billed twice for the same service.,negative,low,dismissed,website
401,1,2026-08-18,billing,There is an incorrect charge on my account.,negative,low,open,website
402,10,2025-01-25,billing,The invoice contains an amount that I did not authorize. I am requesting an update regarding my case.,neutral,low,resolved,hotline
403,13,2026-02-24,service,Customer service did not resolve my issue despite several calls.,negative,high,resolved,social_media
404,9,2025-02-23,payment,The payment process failed several times even though my account had sufficient funds. Please provide information about the status of my request.,neutral,high,open,website
405,18,2026-01-14,loan,My installment amount appears different from the amount agreed in the contract.,negative,high,resolved,hotline
406,9,2025-07-31,service,The branch staff gave me conflicting information about my account.,negative,medium,resolved,website
407,13,2026-01-01,loan,The loan application has been delayed for several weeks and I have not received a clear explanation. I would like clarification about this transaction.,neutral,medium,open,website
408,5,2025-11-27,loan,I was charged an unexpected fee on my loan and customer service did not explain the charge.,negative,medium,resolved,hotline
409,16,2026-01-22,loan,I was charged an unexpected fee on my loan and customer service did not explain the charge. I would like clarification about this transaction.,neutral,medium,dismissed,branch
410,10,2026-01-25,service,The branch staff gave me conflicting information about my account.,negative,low,resolved,social_media
411,11,2026-03-21,service,Customer service did not resolve my issue despite several calls. I am requesting an update regarding my case.,neutral,medium,resolved,hotline
412,11,2026-06-14,billing,I was billed twice for the same service.,negative,medium,open,hotline
413,2,2025-03-29,service,The branch staff gave me conflicting information about my account.,negative,low,resolved,branch
414,4,2025-12-07,insurance,My insurance claim has been pending for a long time without a clear update. Please provide information about the status of my request.,neutral,low,resolved,social_media
415,16,2026-08-19,service,Customer service did not resolve my issue despite several calls.,negative,medium,resolved,hotline
416,19,2025-10-04,loan,The company contacted me repeatedly about a payment that I already made.,negative,high,resolved,hotline
417,20,2025-06-26,payment,I was charged after the payment had already been completed.,negative,high,dismissed,branch
418,10,2025-02-08,insurance,My insurance claim has been pending for a long time without a clear update.,negative,high,open,hotline
419,9,2026-04-02,payment,The payment process failed several times even though my account had sufficient funds. I would like clarification about this transaction.,neutral,low,resolved,website
420,15,2026-08-20,billing,I was charged a fee that was not clearly disclosed. I would like clarification about this transaction.,neutral,low,resolved,hotline
421,2,2025-08-23,service,I could not get a clear answer regarding the service I requested.,negative,low,open,website
422,10,2026-06-24,payment,The payment process failed several times even though my account had sufficient funds.,negative,low,open,branch
423,11,2025-05-17,insurance,I was charged a premium that does not match the information in my policy.,negative,medium,resolved,social_media
424,15,2025-12-20,fraud,I noticed a transaction that I do not recognize on my account.,negative,high,resolved,website
425,19,2025-11-13,service,Customer service did not resolve my issue despite several calls.,negative,medium,open,hotline
426,7,2025-11-10,loan,I was charged an unexpected fee on my loan and customer service did not explain the charge.,negative,low,resolved,hotline
427,17,2025-07-26,payment,My payment was deducted but the system still shows the amount as unpaid.,negative,medium,open,branch
428,11,2026-05-20,billing,A payment was recorded incorrectly on my account. Please provide information about the status of my request.,neutral,medium,resolved,hotline
429,16,2026-03-05,insurance,The company has not responded to my insurance complaint.,negative,medium,resolved,website
430,15,2025-07-13,service,My request was closed without solving the problem.,negative,medium,open,website
431,8,2025-02-18,payment,The company has not reflected my recent payment correctly.,negative,medium,resolved,branch
432,13,2025-11-19,service,My request was closed without solving the problem. I would like clarification about this transaction.,neutral,low,dismissed,website
433,19,2026-04-24,loan,My installment amount appears different from the amount agreed in the contract.,negative,medium,resolved,website
434,11,2026-05-19,payment,A payment was delayed and this caused an additional fee. I am requesting an update regarding my case.,neutral,low,resolved,website
435,15,2026-04-25,loan,I requested a copy of my loan agreement but have not received it. Please provide information about the status of my request.,neutral,low,resolved,branch
436,20,2025-08-08,loan,The company contacted me repeatedly about a payment that I already made.,negative,medium,resolved,hotline
437,6,2026-05-05,fraud,I noticed a transaction that I do not recognize on my account.,negative,high,resolved,hotline
438,5,2025-02-28,service,I have been waiting too long for a response from the company.,negative,medium,resolved,branch
439,8,2026-08-16,billing,I was billed twice for the same service.,negative,high,resolved,website
440,2,2026-05-20,loan,My installment amount appears different from the amount agreed in the contract. Please provide information about the status of my request.,neutral,high,resolved,branch
441,15,2026-01-13,billing,The invoice contains an amount that I did not authorize.,negative,medium,open,website
442,14,2025-12-06,insurance,The company has not responded to my insurance complaint. Please provide information about the status of my request.,neutral,medium,resolved,hotline
443,5,2026-02-09,fraud,I noticed a transaction that I do not recognize on my account.,negative,medium,open,website
444,3,2026-05-19,payment,The company has not reflected my recent payment correctly.,negative,medium,open,social_media
445,8,2026-07-04,fraud,I believe my account information may have been compromised. Please provide information about the status of my request.,neutral,medium,resolved,hotline
446,16,2025-12-31,payment,The company has not reflected my recent payment correctly.,negative,medium,resolved,social_media
447,3,2026-05-23,billing,I was charged a fee that was not clearly disclosed.,negative,high,resolved,hotline
448,16,2026-03-18,insurance,The claim was rejected and I was not given a sufficient explanation.,negative,medium,open,branch
449,3,2025-01-19,payment,I was charged after the payment had already been completed. Please provide information about the status of my request.,neutral,low,open,hotline
450,11,2026-06-24,billing,I was charged a fee that was not clearly disclosed.,negative,low,resolved,social_media
451,5,2025-01-14,billing,I was charged a fee that was not clearly disclosed. Customer service handled my request professionally.,positive,low,resolved,hotline
452,11,2025-10-04,payment,I was charged after the payment had already been completed.,negative,medium,resolved,social_media
453,12,2025-03-05,service,Customer service did not resolve my issue despite several calls.,negative,high,open,hotline
454,7,2026-03-10,billing,A payment was recorded incorrectly on my account.,negative,medium,resolved,social_media
455,20,2025-08-10,billing,There is an incorrect charge on my account.,negative,medium,resolved,hotline
456,6,2026-03-14,service,I have been waiting too long for a response from the company.,negative,low,resolved,website
457,11,2025-12-06,billing,The invoice contains an amount that I did not authorize.,negative,low,resolved,website
458,20,2025-06-30,insurance,I was charged a premium that does not match the information in my policy.,negative,high,resolved,website
459,9,2025-07-26,payment,The company has not reflected my recent payment correctly.,negative,medium,resolved,hotline
460,14,2026-05-09,insurance,The settlement amount for my claim appears incorrect. The issue was resolved quickly and the staff were helpful.,positive,low,resolved,branch
461,11,2026-07-18,fraud,There are unauthorized charges on my account.,negative,high,open,social_media
462,15,2025-12-26,loan,My installment amount appears different from the amount agreed in the contract. The issue was resolved quickly and the staff were helpful.,positive,medium,resolved,website
463,11,2025-01-13,insurance,The settlement amount for my claim appears incorrect.,negative,low,open,branch
464,4,2026-04-16,insurance,The company has not responded to my insurance complaint.,negative,medium,resolved,website
465,2,2026-02-28,payment,A payment was delayed and this caused an additional fee.,negative,high,open,hotline
466,14,2026-05-05,insurance,The company has not responded to my insurance complaint.,negative,medium,open,branch
467,10,2026-02-03,insurance,The claim was rejected and I was not given a sufficient explanation.,negative,medium,resolved,hotline
468,10,2025-07-20,insurance,The settlement amount for my claim appears incorrect. The issue was resolved quickly and the staff were helpful.,positive,medium,open,branch
469,12,2025-07-06,service,The branch staff gave me conflicting information about my account.,negative,low,resolved,website
470,8,2026-08-30,loan,The loan application has been delayed for several weeks and I have not received a clear explanation. Please provide information about the status of my request.,neutral,medium,resolved,branch
471,4,2026-03-27,payment,My payment was deducted but the system still shows the amount as unpaid. I would like clarification about this transaction.,neutral,low,resolved,website
472,3,2025-01-06,loan,I was charged an unexpected fee on my loan and customer service did not explain the charge. I am requesting an update regarding my case.,neutral,medium,resolved,branch
473,14,2025-09-12,insurance,The claim was rejected and I was not given a sufficient explanation.,negative,low,resolved,hotline
474,5,2026-01-18,loan,The loan application has been delayed for several weeks and I have not received a clear explanation.,negative,low,resolved,branch
475,4,2025-09-30,loan,I was charged an unexpected fee on my loan and customer service did not explain the charge. I am requesting an update regarding my case.,neutral,low,open,hotline
476,8,2026-05-12,payment,I was charged after the payment had already been completed. My problem was solved and I received a clear explanation.,positive,low,dismissed,branch
477,16,2025-08-26,billing,I was billed twice for the same service.,negative,medium,dismissed,branch
478,18,2025-06-29,loan,The company contacted me repeatedly about a payment that I already made. I would like clarification about this transaction.,neutral,medium,open,hotline
479,10,2026-01-02,fraud,I believe my account information may have been compromised.,negative,medium,resolved,branch
480,1,2025-03-13,fraud,I reported a suspicious transaction but have not received a response.,negative,medium,open,hotline
481,12,2026-02-20,service,I have been waiting too long for a response from the company.,negative,medium,open,hotline
482,8,2025-08-15,payment,The payment process failed several times even though my account had sufficient funds.,negative,medium,resolved,website
483,19,2025-09-30,insurance,My insurance claim has been pending for a long time without a clear update.,negative,low,open,hotline
484,6,2025-06-26,billing,A payment was recorded incorrectly on my account. I would like clarification about this transaction.,neutral,medium,resolved,branch
485,11,2026-05-09,insurance,The settlement amount for my claim appears incorrect.,negative,medium,resolved,hotline
486,19,2026-09-01,insurance,I was charged a premium that does not match the information in my policy.,negative,medium,resolved,website
487,12,2026-04-17,loan,I was charged an unexpected fee on my loan and customer service did not explain the charge. My problem was solved and I received a clear explanation.,positive,low,open,hotline
488,14,2025-12-26,service,I have been waiting too long for a response from the company.,negative,low,open,social_media
489,10,2025-04-15,loan,The company contacted me repeatedly about a payment that I already made.,negative,high,resolved,branch
490,12,2025-07-02,service,I have been waiting too long for a response from the company. Please provide information about the status of my request.,neutral,medium,dismissed,branch
491,16,2026-04-14,insurance,My insurance claim has been pending for a long time without a clear update. I would like clarification about this transaction.,neutral,low,resolved,hotline
492,1,2025-03-11,loan,The company contacted me repeatedly about a payment that I already made.,negative,low,resolved,branch
493,17,2025-07-11,loan,I requested a copy of my loan agreement but have not received it. I would like clarification about this transaction.,neutral,high,resolved,hotline
494,3,2025-01-05,service,I have been waiting too long for a response from the company.,negative,low,resolved,hotline
495,13,2026-05-29,loan,The company contacted me repeatedly about a payment that I already made.,negative,high,open,website
496,1,2026-03-21,billing,The invoice contains an amount that I did not authorize.,negative,medium,open,website
497,9,2026-08-11,loan,I was charged an unexpected fee on my loan and customer service did not explain the charge.,negative,medium,open,website
498,1,2026-02-09,service,My request was closed without solving the problem.,negative,low,resolved,branch
499,15,2026-08-25,payment,A payment was delayed and this caused an additional fee.,negative,medium,resolved,branch
500,13,2025-03-13,loan,The loan application has been delayed for several weeks and I have not received a clear explanation.,negative,high,resolved,website
501,15,2026-07-24,payment,A payment was delayed and this caused an additional fee. I would like clarification about this transaction.,neutral,low,dismissed,website
502,17,2026-03-24,service,I have been waiting too long for a response from the company.,negative,medium,resolved,website
503,18,2025-01-19,payment,My payment was deducted but the system still shows the amount as unpaid. Customer service handled my request professionally.,positive,low,resolved,website
504,11,2026-03-08,loan,My installment amount appears different from the amount agreed in the contract.,negative,medium,resolved,branch
505,12,2025-06-13,payment,I was charged after the payment had already been completed.,negative,high,dismissed,branch
506,13,2025-07-09,service,My request was closed without solving the problem.,negative,medium,open,website
507,4,2025-06-20,service,I could not get a clear answer regarding the service I requested.,negative,medium,open,branch
508,9,2026-04-03,insurance,The claim was rejected and I was not given a sufficient explanation. I would like clarification about this transaction.,neutral,low,open,website
509,6,2026-03-29,service,My request was closed without solving the problem. I would like clarification about this transaction.,neutral,medium,resolved,website
510,6,2025-05-26,payment,I was charged after the payment had already been completed.,negative,medium,dismissed,website
511,15,2025-04-16,service,Customer service did not resolve my issue despite several calls.,negative,medium,open,website
512,11,2026-05-19,fraud,There are unauthorized charges on my account.,negative,medium,open,social_media
513,6,2026-05-30,service,Customer service did not resolve my issue despite several calls.,negative,medium,open,social_media
514,9,2025-05-05,billing,There is an incorrect charge on my account.,negative,medium,open,website
515,15,2026-01-03,service,I could not get a clear answer regarding the service I requested.,negative,medium,open,website
516,15,2025-11-30,fraud,Someone appears to have used my account without authorization.,negative,high,open,website
517,3,2026-05-18,billing,I was billed twice for the same service.,negative,low,resolved,social_media
518,17,2026-06-14,insurance,The claim was rejected and I was not given a sufficient explanation. Customer service handled my request professionally.,positive,medium,open,branch
519,3,2025-03-17,loan,I was charged an unexpected fee on my loan and customer service did not explain the charge. The issue was resolved quickly and the staff were helpful.,positive,low,open,website
520,13,2026-07-29,billing,I was billed twice for the same service.,negative,medium,resolved,hotline
521,8,2026-06-04,loan,The company contacted me repeatedly about a payment that I already made. I am requesting an update regarding my case.,neutral,low,open,website
522,5,2026-02-04,loan,I requested a copy of my loan agreement but have not received it.,negative,medium,resolved,website
523,14,2026-03-12,fraud,I believe my account information may have been compromised. I am requesting an update regarding my case.,neutral,low,open,branch
524,19,2025-06-13,insurance,The settlement amount for my claim appears incorrect. I would like clarification about this transaction.,neutral,high,resolved,hotline
525,2,2026-03-03,service,I have been waiting too long for a response from the company.,negative,low,resolved,hotline
526,4,2025-04-26,payment,The company has not reflected my recent payment correctly.,negative,low,open,hotline
527,15,2026-08-10,fraud,There are unauthorized charges on my account.,negative,high,resolved,website
528,5,2025-05-15,loan,I requested a copy of my loan agreement but have not received it.,negative,low,dismissed,website
529,4,2025-07-06,payment,A payment was delayed and this caused an additional fee.,negative,high,open,branch
530,20,2025-09-02,service,I have been waiting too long for a response from the company.,negative,medium,resolved,website
531,11,2026-08-30,insurance,I was charged a premium that does not match the information in my policy.,negative,medium,open,hotline
532,17,2025-04-18,payment,The company has not reflected my recent payment correctly.,negative,medium,resolved,hotline
533,19,2025-07-01,loan,I was charged an unexpected fee on my loan and customer service did not explain the charge.,negative,high,open,hotline
534,2,2026-01-16,fraud,Someone appears to have used my account without authorization.,negative,high,open,hotline
535,10,2025-08-25,billing,There is an incorrect charge on my account.,negative,medium,open,website
536,20,2025-03-14,fraud,I reported a suspicious transaction but have not received a response. Please provide information about the status of my request.,neutral,low,resolved,branch
537,12,2025-11-17,loan,I was charged an unexpected fee on my loan and customer service did not explain the charge.,negative,low,open,hotline
538,19,2025-06-05,service,The branch staff gave me conflicting information about my account.,negative,high,resolved,hotline
539,20,2025-05-08,billing,I was charged a fee that was not clearly disclosed.,negative,low,resolved,branch
540,12,2025-04-06,loan,I requested a copy of my loan agreement but have not received it. Customer service handled my request professionally.,positive,low,resolved,social_media
541,1,2026-03-28,payment,The company has not reflected my recent payment correctly. My problem was solved and I received a clear explanation.,positive,low,resolved,website
542,8,2026-06-11,loan,I requested a copy of my loan agreement but have not received it.,negative,medium,resolved,branch
543,12,2025-07-25,payment,The company has not reflected my recent payment correctly.,negative,low,resolved,hotline
544,15,2025-09-08,payment,I was charged after the payment had already been completed.,negative,medium,open,website
545,20,2026-05-23,billing,There is an incorrect charge on my account.,negative,high,resolved,hotline
546,8,2025-02-23,loan,I requested a copy of my loan agreement but have not received it.,negative,low,resolved,social_media
547,16,2025-11-22,payment,A payment was delayed and this caused an additional fee. Please provide information about the status of my request.,neutral,low,open,branch
548,8,2025-07-31,insurance,I was charged a premium that does not match the information in my policy.,negative,medium,resolved,website
549,13,2025-07-07,insurance,The company has not responded to my insurance complaint.,negative,high,open,hotline
550,20,2025-01-26,service,My request was closed without solving the problem. I would like clarification about this transaction.,neutral,low,resolved,branch
551,11,2026-03-15,insurance,My insurance claim has been pending for a long time without a clear update.,negative,low,open,hotline
552,14,2026-01-04,loan,I was charged an unexpected fee on my loan and customer service did not explain the charge. Please provide information about the status of my request.,neutral,low,open,branch
553,10,2025-12-25,loan,My installment amount appears different from the amount agreed in the contract. I would like clarification about this transaction.,neutral,low,resolved,website
554,4,2025-09-26,loan,I was charged an unexpected fee on my loan and customer service did not explain the charge. I would like clarification about this transaction.,neutral,high,resolved,hotline
555,20,2025-08-03,billing,The invoice contains an amount that I did not authorize. My problem was solved and I received a clear explanation.,positive,low,resolved,social_media
556,13,2025-06-13,loan,I requested a copy of my loan agreement but have not received it.,negative,medium,resolved,branch
557,14,2025-08-05,loan,I requested a copy of my loan agreement but have not received it. Customer service handled my request professionally.,positive,low,resolved,website
558,19,2025-03-28,loan,My installment amount appears different from the amount agreed in the contract.,negative,medium,resolved,website
559,10,2025-11-02,fraud,I noticed a transaction that I do not recognize on my account. The issue was resolved quickly and the staff were helpful.,positive,low,open,branch
560,6,2026-03-03,payment,My payment was deducted but the system still shows the amount as unpaid.,negative,medium,open,hotline
561,4,2025-10-10,billing,I was billed twice for the same service. I would like clarification about this transaction.,neutral,low,open,website
562,14,2025-09-17,loan,I requested a copy of my loan agreement but have not received it.,negative,low,open,branch
563,5,2025-03-07,loan,I was charged an unexpected fee on my loan and customer service did not explain the charge.,negative,medium,open,branch
564,12,2026-08-22,payment,The company has not reflected my recent payment correctly. I am requesting an update regarding my case.,neutral,low,resolved,branch
565,13,2025-12-23,service,I could not get a clear answer regarding the service I requested.,negative,medium,resolved,hotline
566,10,2026-06-25,service,My request was closed without solving the problem. Please provide information about the status of my request.,neutral,low,dismissed,website
567,1,2025-09-16,billing,I was charged a fee that was not clearly disclosed.,negative,medium,resolved,website
568,7,2026-08-03,payment,The company has not reflected my recent payment correctly. Please provide information about the status of my request.,neutral,low,open,hotline
569,18,2026-05-18,insurance,The claim was rejected and I was not given a sufficient explanation. Please provide information about the status of my request.,neutral,low,dismissed,branch
570,16,2026-02-20,payment,The company has not reflected my recent payment correctly.,negative,low,resolved,website
571,5,2025-05-03,billing,I was billed twice for the same service.,negative,high,resolved,branch
572,15,2026-08-12,loan,I was charged an unexpected fee on my loan and customer service did not explain the charge.,negative,medium,open,branch
573,19,2025-01-16,payment,The payment process failed several times even though my account had sufficient funds.,negative,medium,open,website
574,13,2025-08-14,payment,My payment was deducted but the system still shows the amount as unpaid.,negative,high,open,website
575,9,2026-01-04,payment,My payment was deducted but the system still shows the amount as unpaid.,negative,low,dismissed,hotline
576,18,2025-06-20,loan,The loan application has been delayed for several weeks and I have not received a clear explanation. Please provide information about the status of my request.,neutral,low,open,branch
577,6,2025-11-11,billing,The invoice contains an amount that I did not authorize.,negative,high,open,website
578,19,2025-11-19,insurance,My insurance claim has been pending for a long time without a clear update.,negative,low,open,website
579,8,2025-03-07,service,My request was closed without solving the problem.,negative,low,open,hotline
580,10,2026-03-15,service,I have been waiting too long for a response from the company.,negative,medium,resolved,hotline
581,11,2026-07-17,payment,I was charged after the payment had already been completed.,negative,high,resolved,branch
582,11,2026-06-24,payment,A payment was delayed and this caused an additional fee.,negative,medium,resolved,hotline
583,20,2025-12-09,payment,My payment was deducted but the system still shows the amount as unpaid. My problem was solved and I received a clear explanation.,positive,low,resolved,branch
584,16,2025-03-26,billing,The invoice contains an amount that I did not authorize.,negative,low,open,social_media
585,8,2025-12-18,loan,The loan application has been delayed for several weeks and I have not received a clear explanation.,negative,medium,resolved,branch
586,13,2025-03-29,billing,There is an incorrect charge on my account.,negative,low,open,website
587,19,2025-09-02,payment,A payment was delayed and this caused an additional fee.,negative,medium,resolved,website
588,13,2026-08-27,service,My request was closed without solving the problem. I am requesting an update regarding my case.,neutral,low,open,website
589,17,2026-07-04,billing,I was billed twice for the same service.,negative,low,resolved,website
590,6,2025-08-29,loan,I was charged an unexpected fee on my loan and customer service did not explain the charge. My problem was solved and I received a clear explanation.,positive,low,open,website
591,20,2025-05-06,service,My request was closed without solving the problem.,negative,medium,open,branch
592,11,2025-02-11,billing,I was billed twice for the same service.,negative,high,resolved,website
593,19,2025-03-11,loan,I requested a copy of my loan agreement but have not received it. Please provide information about the status of my request.,neutral,low,resolved,hotline
594,9,2025-11-25,loan,I was charged an unexpected fee on my loan and customer service did not explain the charge. I am requesting an update regarding my case.,neutral,low,open,branch
595,15,2025-03-10,service,Customer service did not resolve my issue despite several calls.,negative,low,open,branch
596,5,2025-04-05,billing,I was billed twice for the same service. I am requesting an update regarding my case.,neutral,high,dismissed,hotline
597,9,2025-06-13,payment,My payment was deducted but the system still shows the amount as unpaid.,negative,low,dismissed,website
598,13,2026-05-02,billing,I was billed twice for the same service. I am requesting an update regarding my case.,neutral,medium,open,branch
599,14,2026-05-08,service,My request was closed without solving the problem. I am requesting an update regarding my case.,neutral,low,open,website
600,2,2026-08-17,payment,The payment process failed several times even though my account had sufficient funds.,negative,low,resolved,branch
601,11,2025-05-24,billing,I was charged a fee that was not clearly disclosed.,negative,medium,open,website
602,9,2026-06-03,service,Customer service did not resolve my issue despite several calls.,negative,medium,open,hotline
603,19,2025-06-22,fraud,I reported a suspicious transaction but have not received a response.,negative,medium,resolved,social_media
604,13,2025-05-06,payment,The payment process failed several times even though my account had sufficient funds. I am requesting an update regarding my case.,neutral,high,open,social_media
605,17,2025-06-15,billing,The invoice contains an amount that I did not authorize.,negative,low,open,hotline
606,14,2025-04-22,service,My request was closed without solving the problem.,negative,low,dismissed,social_media
607,7,2026-01-22,loan,The loan application has been delayed for several weeks and I have not received a clear explanation.,negative,low,resolved,hotline
608,13,2025-10-25,loan,My installment amount appears different from the amount agreed in the contract. Customer service handled my request professionally.,positive,low,open,hotline
609,1,2026-07-14,loan,I requested a copy of my loan agreement but have not received it.,negative,medium,resolved,hotline
610,3,2025-01-24,fraud,I reported a suspicious transaction but have not received a response. I would like clarification about this transaction.,neutral,medium,dismissed,website
611,20,2026-07-16,loan,I was charged an unexpected fee on my loan and customer service did not explain the charge.,negative,medium,open,branch
612,4,2025-09-13,insurance,I was charged a premium that does not match the information in my policy.,negative,high,open,social_media
613,20,2025-03-23,service,Customer service did not resolve my issue despite several calls.,negative,low,resolved,website
614,7,2025-12-23,payment,I was charged after the payment had already been completed.,negative,low,resolved,branch
615,14,2025-11-02,payment,I was charged after the payment had already been completed.,negative,medium,resolved,social_media
616,17,2026-08-16,loan,I was charged an unexpected fee on my loan and customer service did not explain the charge.,negative,high,resolved,hotline
617,7,2025-09-22,payment,I was charged after the payment had already been completed. My problem was solved and I received a clear explanation.,positive,low,open,branch
618,11,2025-04-07,payment,The payment process failed several times even though my account had sufficient funds.,negative,low,open,hotline
619,1,2025-04-16,loan,I requested a copy of my loan agreement but have not received it.,negative,low,resolved,hotline
620,9,2025-01-13,fraud,There are unauthorized charges on my account. Customer service handled my request professionally.,positive,low,open,website
621,18,2025-07-01,service,Customer service did not resolve my issue despite several calls.,negative,medium,resolved,social_media
622,19,2025-10-23,loan,I was charged an unexpected fee on my loan and customer service did not explain the charge.,negative,high,resolved,social_media
623,6,2026-06-05,insurance,My insurance claim has been pending for a long time without a clear update. I am requesting an update regarding my case.,neutral,medium,open,hotline
624,15,2025-03-06,service,The branch staff gave me conflicting information about my account.,negative,low,dismissed,website
625,17,2026-06-18,loan,My installment amount appears different from the amount agreed in the contract.,negative,low,open,branch
626,11,2025-05-02,payment,I was charged after the payment had already been completed. Please provide information about the status of my request.,neutral,low,dismissed,website
627,17,2026-04-27,insurance,My insurance claim has been pending for a long time without a clear update. Please provide information about the status of my request.,neutral,medium,open,branch
628,3,2026-06-12,fraud,I noticed a transaction that I do not recognize on my account. I am requesting an update regarding my case.,neutral,low,open,branch
629,12,2026-06-19,service,I have been waiting too long for a response from the company.,negative,medium,dismissed,social_media
630,7,2025-11-23,loan,I requested a copy of my loan agreement but have not received it.,negative,medium,resolved,branch
631,19,2025-12-06,fraud,Someone appears to have used my account without authorization.,negative,high,resolved,hotline
632,1,2026-06-19,loan,The company contacted me repeatedly about a payment that I already made.,negative,medium,open,website
633,13,2025-07-04,payment,The company has not reflected my recent payment correctly. The issue was resolved quickly and the staff were helpful.,positive,low,open,branch
634,5,2025-06-03,loan,I was charged an unexpected fee on my loan and customer service did not explain the charge.,negative,high,resolved,hotline
635,3,2025-02-01,billing,I was charged a fee that was not clearly disclosed.,negative,high,dismissed,social_media
636,18,2026-08-06,payment,My payment was deducted but the system still shows the amount as unpaid.,negative,medium,resolved,branch
637,2,2025-02-25,billing,I was charged a fee that was not clearly disclosed.,negative,low,open,website
638,16,2025-10-19,billing,The invoice contains an amount that I did not authorize.,negative,low,resolved,branch
639,18,2025-03-15,payment,My payment was deducted but the system still shows the amount as unpaid.,negative,low,resolved,branch
640,5,2025-08-17,service,My request was closed without solving the problem.,negative,low,open,website
641,2,2026-01-03,service,I could not get a clear answer regarding the service I requested.,negative,medium,dismissed,website
642,8,2025-10-01,fraud,I believe my account information may have been compromised.,negative,high,resolved,branch
643,10,2025-05-12,loan,The company contacted me repeatedly about a payment that I already made.,negative,low,resolved,website
644,18,2025-09-04,service,The branch staff gave me conflicting information about my account.,negative,medium,resolved,website
645,19,2025-05-11,loan,I was charged an unexpected fee on my loan and customer service did not explain the charge.,negative,medium,dismissed,branch
646,2,2025-02-18,payment,A payment was delayed and this caused an additional fee.,negative,medium,resolved,branch
647,3,2025-05-09,payment,The company has not reflected my recent payment correctly. My problem was solved and I received a clear explanation.,positive,low,resolved,website
648,17,2025-03-12,loan,I was charged an unexpected fee on my loan and customer service did not explain the charge.,negative,medium,resolved,branch
649,9,2026-07-29,insurance,The claim was rejected and I was not given a sufficient explanation.,negative,low,resolved,branch
650,3,2026-07-10,payment,I was charged after the payment had already been completed.,negative,medium,resolved,website
651,1,2026-04-02,fraud,Someone appears to have used my account without authorization.,negative,high,resolved,website
652,15,2025-09-25,insurance,My insurance claim has been pending for a long time without a clear update. Please provide information about the status of my request.,neutral,low,resolved,hotline
653,8,2025-07-11,fraud,There are unauthorized charges on my account.,negative,medium,dismissed,branch
654,4,2026-07-14,loan,I requested a copy of my loan agreement but have not received it. Please provide information about the status of my request.,neutral,medium,resolved,branch
655,19,2025-07-11,insurance,I was charged a premium that does not match the information in my policy. I am requesting an update regarding my case.,neutral,medium,resolved,website
656,3,2026-02-09,loan,The company contacted me repeatedly about a payment that I already made.,negative,medium,open,website
657,8,2026-05-18,insurance,I was charged a premium that does not match the information in my policy.,negative,high,resolved,branch
658,14,2026-05-31,billing,A payment was recorded incorrectly on my account.,negative,medium,resolved,website
659,10,2025-01-12,loan,I was charged an unexpected fee on my loan and customer service did not explain the charge.,negative,high,resolved,website
660,17,2026-06-04,fraud,I believe my account information may have been compromised.,negative,high,resolved,branch
661,11,2026-04-05,loan,I requested a copy of my loan agreement but have not received it.,negative,high,open,website
662,14,2025-08-04,payment,The payment process failed several times even though my account had sufficient funds.,negative,medium,open,social_media
663,7,2026-03-22,insurance,The claim was rejected and I was not given a sufficient explanation. Please provide information about the status of my request.,neutral,medium,open,social_media
664,6,2025-03-11,billing,I was billed twice for the same service.,negative,medium,resolved,branch
665,7,2026-08-09,service,The branch staff gave me conflicting information about my account. I am requesting an update regarding my case.,neutral,low,resolved,website
666,14,2025-06-29,payment,The payment process failed several times even though my account had sufficient funds.,negative,medium,open,website
667,8,2025-08-17,payment,I was charged after the payment had already been completed.,negative,medium,dismissed,website
668,2,2026-06-26,billing,The invoice contains an amount that I did not authorize.,negative,medium,open,branch
669,12,2026-08-24,insurance,The company has not responded to my insurance complaint. Customer service handled my request professionally.,positive,medium,resolved,hotline
670,4,2025-05-20,payment,The payment process failed several times even though my account had sufficient funds.,negative,medium,resolved,website
671,2,2025-09-16,loan,I was charged an unexpected fee on my loan and customer service did not explain the charge. I am requesting an update regarding my case.,neutral,low,open,branch
672,8,2025-09-15,billing,I was billed twice for the same service. Please provide information about the status of my request.,neutral,low,dismissed,branch
673,5,2026-06-28,service,I have been waiting too long for a response from the company.,negative,low,resolved,hotline
674,15,2025-12-28,payment,I was charged after the payment had already been completed.,negative,medium,open,branch
675,7,2025-01-11,fraud,I reported a suspicious transaction but have not received a response.,negative,medium,resolved,branch
676,12,2026-04-06,billing,I was charged a fee that was not clearly disclosed. The issue was resolved quickly and the staff were helpful.,positive,low,open,social_media
677,16,2025-12-23,insurance,The company has not responded to my insurance complaint. I would like clarification about this transaction.,neutral,low,open,branch
678,16,2025-07-16,loan,The loan application has been delayed for several weeks and I have not received a clear explanation.,negative,high,resolved,hotline
679,2,2026-02-26,payment,I was charged after the payment had already been completed.,negative,medium,resolved,website
680,4,2025-08-09,billing,There is an incorrect charge on my account. I would like clarification about this transaction.,neutral,low,resolved,hotline
681,19,2025-10-08,insurance,The claim was rejected and I was not given a sufficient explanation.,negative,high,resolved,hotline
682,12,2025-03-04,insurance,The settlement amount for my claim appears incorrect.,negative,high,open,social_media
683,2,2025-12-02,fraud,There are unauthorized charges on my account.,negative,medium,open,website
684,12,2025-06-19,insurance,The claim was rejected and I was not given a sufficient explanation.,negative,low,resolved,branch
685,7,2026-04-17,loan,I requested a copy of my loan agreement but have not received it.,negative,medium,resolved,website
686,8,2026-01-02,billing,The invoice contains an amount that I did not authorize.,negative,high,resolved,branch
687,13,2025-04-24,payment,The company has not reflected my recent payment correctly. Customer service handled my request professionally.,positive,low,dismissed,hotline
688,18,2025-09-03,service,Customer service did not resolve my issue despite several calls.,negative,low,resolved,social_media
689,20,2026-02-07,loan,I requested a copy of my loan agreement but have not received it.,negative,medium,resolved,hotline
690,13,2026-03-04,loan,I requested a copy of my loan agreement but have not received it.,negative,medium,resolved,website
691,4,2026-03-29,service,I have been waiting too long for a response from the company.,negative,high,resolved,website
692,10,2025-03-19,insurance,I was charged a premium that does not match the information in my policy. My problem was solved and I received a clear explanation.,positive,low,open,social_media
693,17,2025-06-20,loan,The company contacted me repeatedly about a payment that I already made.,negative,low,resolved,social_media
694,19,2026-01-13,fraud,I noticed a transaction that I do not recognize on my account.,negative,high,resolved,hotline
695,12,2025-08-26,service,Customer service did not resolve my issue despite several calls. Please provide information about the status of my request.,neutral,low,dismissed,website
696,20,2026-01-19,service,Customer service did not resolve my issue despite several calls. The issue was resolved quickly and the staff were helpful.,positive,low,open,website
697,1,2025-02-24,payment,A payment was delayed and this caused an additional fee. I would like clarification about this transaction.,neutral,low,open,branch
698,20,2026-05-12,insurance,The settlement amount for my claim appears incorrect. I would like clarification about this transaction.,neutral,medium,resolved,website
699,9,2025-11-25,loan,I was charged an unexpected fee on my loan and customer service did not explain the charge. My problem was solved and I received a clear explanation.,positive,low,resolved,social_media
700,17,2026-01-08,loan,I was charged an unexpected fee on my loan and customer service did not explain the charge.,negative,medium,resolved,social_media
701,7,2025-07-15,service,I could not get a clear answer regarding the service I requested.,negative,low,open,website
702,9,2025-12-10,insurance,The settlement amount for my claim appears incorrect.,negative,high,resolved,branch
703,11,2025-07-30,loan,The loan application has been delayed for several weeks and I have not received a clear explanation. I am requesting an update regarding my case.,neutral,medium,resolved,hotline
704,13,2025-04-06,payment,My payment was deducted but the system still shows the amount as unpaid.,negative,medium,open,website
705,7,2025-03-23,service,I have been waiting too long for a response from the company. I would like clarification about this transaction.,neutral,medium,resolved,social_media
706,12,2026-05-09,service,I have been waiting too long for a response from the company.,negative,low,resolved,branch
707,8,2026-02-13,payment,A payment was delayed and this caused an additional fee.,negative,medium,resolved,hotline
708,12,2025-05-15,loan,I requested a copy of my loan agreement but have not received it.,negative,low,resolved,website
709,12,2026-08-09,payment,The company has not reflected my recent payment correctly.,negative,medium,dismissed,branch
710,15,2026-05-18,billing,I was billed twice for the same service. I would like clarification about this transaction.,neutral,medium,resolved,hotline
711,7,2025-03-19,billing,I was billed twice for the same service.,negative,medium,open,hotline
712,6,2026-05-24,payment,The payment process failed several times even though my account had sufficient funds.,negative,high,resolved,website
713,12,2026-06-13,service,Customer service did not resolve my issue despite several calls.,negative,medium,open,website
714,20,2026-05-31,insurance,The settlement amount for my claim appears incorrect. I am requesting an update regarding my case.,neutral,low,resolved,branch
715,3,2026-04-18,payment,My payment was deducted but the system still shows the amount as unpaid.,negative,medium,resolved,website
716,8,2026-08-12,loan,The company contacted me repeatedly about a payment that I already made.,negative,medium,open,website
717,20,2025-08-15,insurance,The company has not responded to my insurance complaint.,negative,medium,open,hotline
718,12,2025-04-30,fraud,There are unauthorized charges on my account. I am requesting an update regarding my case.,neutral,low,resolved,hotline
719,10,2025-04-27,loan,The company contacted me repeatedly about a payment that I already made.,negative,low,resolved,hotline
720,10,2025-03-11,billing,I was billed twice for the same service.,negative,low,resolved,website
721,9,2026-07-11,loan,I requested a copy of my loan agreement but have not received it.,negative,low,resolved,website
722,11,2025-12-01,loan,My installment amount appears different from the amount agreed in the contract.,negative,medium,resolved,hotline
723,17,2025-06-15,payment,I was charged after the payment had already been completed. I am requesting an update regarding my case.,neutral,low,resolved,website
724,5,2025-01-16,service,I have been waiting too long for a response from the company.,negative,medium,dismissed,website
725,6,2025-04-02,loan,I requested a copy of my loan agreement but have not received it.,negative,medium,open,social_media
726,7,2026-03-02,payment,I was charged after the payment had already been completed.,negative,low,open,website
727,15,2025-05-27,insurance,The settlement amount for my claim appears incorrect. Customer service handled my request professionally.,positive,medium,resolved,branch
728,9,2025-01-29,payment,I was charged after the payment had already been completed.,negative,medium,resolved,hotline
729,20,2025-03-07,billing,I was billed twice for the same service.,negative,low,resolved,branch
730,4,2025-10-08,payment,The payment process failed several times even though my account had sufficient funds. I would like clarification about this transaction.,neutral,low,resolved,social_media
731,11,2026-08-04,service,The branch staff gave me conflicting information about my account.,negative,low,open,hotline
732,9,2025-02-18,service,I could not get a clear answer regarding the service I requested. I would like clarification about this transaction.,neutral,medium,open,branch
733,15,2025-08-18,payment,My payment was deducted but the system still shows the amount as unpaid. The issue was resolved quickly and the staff were helpful.,positive,low,resolved,hotline
734,12,2025-02-16,loan,The company contacted me repeatedly about a payment that I already made.,negative,medium,open,hotline
735,13,2025-12-24,service,The branch staff gave me conflicting information about my account.,negative,medium,resolved,website
736,14,2026-03-24,payment,My payment was deducted but the system still shows the amount as unpaid.,negative,low,open,social_media
737,20,2026-05-17,service,I have been waiting too long for a response from the company.,negative,medium,open,hotline
738,16,2026-02-16,payment,I was charged after the payment had already been completed.,negative,low,resolved,hotline
739,16,2026-08-25,billing,I was charged a fee that was not clearly disclosed.,negative,medium,resolved,website
740,19,2025-10-10,insurance,The company has not responded to my insurance complaint.,negative,medium,resolved,website
741,14,2025-05-05,insurance,My insurance claim has been pending for a long time without a clear update. I am requesting an update regarding my case.,neutral,low,resolved,branch
742,3,2025-07-23,billing,I was billed twice for the same service.,negative,medium,resolved,hotline
743,5,2026-04-23,service,I could not get a clear answer regarding the service I requested.,negative,medium,dismissed,website
744,9,2026-06-20,loan,My installment amount appears different from the amount agreed in the contract.,negative,medium,open,branch
745,10,2025-07-26,fraud,There are unauthorized charges on my account.,negative,medium,resolved,website
746,16,2026-04-28,billing,I was billed twice for the same service.,negative,medium,open,branch
747,13,2025-09-16,payment,The payment process failed several times even though my account had sufficient funds. The issue was resolved quickly and the staff were helpful.,positive,low,resolved,website
748,12,2025-10-03,insurance,The claim was rejected and I was not given a sufficient explanation.,negative,high,open,hotline
749,18,2025-02-05,billing,A payment was recorded incorrectly on my account.,negative,medium,open,hotline
750,16,2025-12-23,service,Customer service did not resolve my issue despite several calls.,negative,medium,resolved,hotline
751,4,2025-03-07,loan,I requested a copy of my loan agreement but have not received it.,negative,low,open,branch
752,4,2025-03-14,billing,I was charged a fee that was not clearly disclosed.,negative,medium,resolved,hotline
753,14,2026-05-10,insurance,The claim was rejected and I was not given a sufficient explanation.,negative,medium,dismissed,social_media
754,19,2026-06-25,fraud,I reported a suspicious transaction but have not received a response.,negative,high,resolved,branch
755,7,2025-03-10,insurance,The company has not responded to my insurance complaint.,negative,medium,dismissed,social_media
756,13,2025-04-24,insurance,My insurance claim has been pending for a long time without a clear update.,negative,low,open,social_media
757,14,2025-06-21,insurance,The claim was rejected and I was not given a sufficient explanation.,negative,medium,resolved,website
758,7,2025-09-12,insurance,I was charged a premium that does not match the information in my policy.,negative,medium,open,website
759,20,2026-06-04,payment,My payment was deducted but the system still shows the amount as unpaid. I am requesting an update regarding my case.,neutral,low,resolved,social_media
760,12,2026-08-02,fraud,I believe my account information may have been compromised.,negative,high,dismissed,website
761,18,2026-05-30,insurance,I was charged a premium that does not match the information in my policy.,negative,low,open,branch
762,14,2026-03-21,service,The branch staff gave me conflicting information about my account.,negative,high,resolved,website
763,9,2025-11-26,billing,A payment was recorded incorrectly on my account. Please provide information about the status of my request.,neutral,low,resolved,website
764,11,2026-02-01,service,I have been waiting too long for a response from the company.,negative,low,resolved,branch
765,3,2026-04-29,service,My request was closed without solving the problem.,negative,medium,resolved,hotline
766,2,2025-10-05,insurance,The claim was rejected and I was not given a sufficient explanation.,negative,low,open,website
767,18,2025-10-03,insurance,The settlement amount for my claim appears incorrect.,negative,medium,open,social_media
768,8,2025-01-26,payment,I was charged after the payment had already been completed.,negative,low,resolved,social_media
769,19,2026-06-12,service,I have been waiting too long for a response from the company. I am requesting an update regarding my case.,neutral,low,resolved,website
770,7,2025-05-13,billing,A payment was recorded incorrectly on my account.,negative,medium,open,hotline
771,15,2025-05-24,payment,My payment was deducted but the system still shows the amount as unpaid.,negative,low,resolved,website
772,13,2025-02-19,payment,The payment process failed several times even though my account had sufficient funds.,negative,low,open,social_media
773,6,2025-07-05,loan,I was charged an unexpected fee on my loan and customer service did not explain the charge.,negative,medium,open,branch
774,6,2026-03-31,payment,The payment process failed several times even though my account had sufficient funds.,negative,medium,resolved,website
775,8,2025-02-21,loan,The company contacted me repeatedly about a payment that I already made.,negative,low,open,website
776,2,2026-03-19,payment,The payment process failed several times even though my account had sufficient funds.,negative,medium,resolved,website
777,6,2025-05-01,service,Customer service did not resolve my issue despite several calls.,negative,medium,open,social_media
778,4,2025-10-20,fraud,I reported a suspicious transaction but have not received a response.,negative,high,open,branch
779,13,2026-05-11,service,The branch staff gave me conflicting information about my account.,negative,high,resolved,hotline
780,15,2025-08-03,service,I have been waiting too long for a response from the company. Customer service handled my request professionally.,positive,low,resolved,website
781,2,2025-10-31,billing,The invoice contains an amount that I did not authorize.,negative,high,resolved,hotline
782,1,2025-12-28,loan,I was charged an unexpected fee on my loan and customer service did not explain the charge. Please provide information about the status of my request.,neutral,medium,resolved,branch
783,6,2025-03-17,service,I could not get a clear answer regarding the service I requested.,negative,high,dismissed,website
784,7,2026-02-27,fraud,I believe my account information may have been compromised.,negative,high,open,website
785,14,2026-06-23,loan,I requested a copy of my loan agreement but have not received it.,negative,medium,open,hotline
786,3,2025-11-13,loan,The company contacted me repeatedly about a payment that I already made. I am requesting an update regarding my case.,neutral,high,dismissed,hotline
787,6,2026-05-28,billing,There is an incorrect charge on my account.,negative,medium,resolved,website
788,19,2025-09-18,payment,A payment was delayed and this caused an additional fee.,negative,low,dismissed,branch
789,2,2025-03-10,billing,I was charged a fee that was not clearly disclosed.,negative,low,resolved,social_media
790,8,2026-07-05,fraud,Someone appears to have used my account without authorization.,negative,high,open,website
791,14,2026-05-22,payment,The company has not reflected my recent payment correctly.,negative,medium,open,hotline
792,18,2025-11-01,billing,There is an incorrect charge on my account.,negative,low,resolved,social_media
793,18,2026-06-25,payment,The payment process failed several times even though my account had sufficient funds.,negative,low,resolved,website
794,14,2026-08-28,billing,There is an incorrect charge on my account. I am requesting an update regarding my case.,neutral,low,resolved,branch
795,20,2026-05-03,billing,I was charged a fee that was not clearly disclosed.,negative,medium,resolved,hotline
796,18,2026-08-19,billing,I was charged a fee that was not clearly disclosed. I would like clarification about this transaction.,neutral,low,resolved,branch
797,4,2026-08-15,payment,I was charged after the payment had already been completed.,negative,medium,open,branch
798,7,2025-08-16,insurance,The claim was rejected and I was not given a sufficient explanation.,negative,low,open,hotline
799,16,2026-03-13,insurance,My insurance claim has been pending for a long time without a clear update.,negative,low,resolved,website
800,6,2025-01-26,service,Customer service did not resolve my issue despite several calls. I am requesting an update regarding my case.,neutral,low,resolved,website
801,14,2025-08-20,billing,I was billed twice for the same service.,negative,low,open,website
802,4,2025-02-06,loan,The company contacted me repeatedly about a payment that I already made.,negative,medium,open,website
803,9,2026-03-09,billing,A payment was recorded incorrectly on my account. Please provide information about the status of my request.,neutral,low,open,website
804,16,2025-12-30,billing,The invoice contains an amount that I did not authorize.,negative,low,resolved,hotline
805,2,2026-05-19,billing,A payment was recorded incorrectly on my account.,negative,high,resolved,hotline
806,2,2026-04-28,loan,The company contacted me repeatedly about a payment that I already made.,negative,medium,open,website
807,11,2025-01-21,billing,A payment was recorded incorrectly on my account.,negative,medium,resolved,hotline
808,10,2025-05-31,fraud,I reported a suspicious transaction but have not received a response.,negative,high,dismissed,website
809,13,2025-08-31,payment,The company has not reflected my recent payment correctly.,negative,medium,dismissed,website
810,17,2025-01-12,loan,My installment amount appears different from the amount agreed in the contract.,negative,high,open,social_media
811,13,2026-02-20,insurance,The settlement amount for my claim appears incorrect.,negative,low,dismissed,website
812,14,2025-02-16,service,The branch staff gave me conflicting information about my account.,negative,medium,resolved,hotline
813,15,2026-04-15,billing,There is an incorrect charge on my account. The issue was resolved quickly and the staff were helpful.,positive,medium,resolved,website
814,10,2025-04-28,loan,The company contacted me repeatedly about a payment that I already made. My problem was solved and I received a clear explanation.,positive,low,resolved,website
815,13,2025-04-13,billing,A payment was recorded incorrectly on my account.,negative,medium,resolved,website
816,15,2026-05-26,loan,The company contacted me repeatedly about a payment that I already made. I would like clarification about this transaction.,neutral,low,resolved,branch
817,14,2025-07-16,loan,I requested a copy of my loan agreement but have not received it.,negative,medium,resolved,branch
818,3,2026-03-31,service,I have been waiting too long for a response from the company. My problem was solved and I received a clear explanation.,positive,low,resolved,social_media
819,14,2026-08-13,insurance,I was charged a premium that does not match the information in my policy. I would like clarification about this transaction.,neutral,medium,open,hotline
820,12,2025-08-01,billing,The invoice contains an amount that I did not authorize.,negative,medium,resolved,hotline
821,15,2026-03-08,payment,The payment process failed several times even though my account had sufficient funds.,negative,medium,open,branch
822,2,2026-01-02,loan,My installment amount appears different from the amount agreed in the contract.,negative,high,dismissed,hotline
823,2,2025-01-06,service,I have been waiting too long for a response from the company.,negative,medium,open,branch
824,12,2026-07-06,service,My request was closed without solving the problem.,negative,medium,resolved,website
825,5,2026-04-08,loan,The loan application has been delayed for several weeks and I have not received a clear explanation.,negative,medium,resolved,social_media
826,20,2025-01-08,billing,The invoice contains an amount that I did not authorize.,negative,low,resolved,branch
827,7,2026-06-30,service,Customer service did not resolve my issue despite several calls.,negative,medium,resolved,website
828,15,2026-03-20,payment,My payment was deducted but the system still shows the amount as unpaid. Please provide information about the status of my request.,neutral,medium,open,website
829,17,2025-03-06,fraud,I believe my account information may have been compromised.,negative,medium,resolved,hotline
830,20,2025-06-26,service,I have been waiting too long for a response from the company.,negative,medium,resolved,social_media
831,11,2025-02-25,service,I could not get a clear answer regarding the service I requested.,negative,low,resolved,website
832,4,2025-03-21,payment,The company has not reflected my recent payment correctly.,negative,medium,resolved,hotline
833,7,2025-01-07,insurance,I was charged a premium that does not match the information in my policy.,negative,low,dismissed,website
834,7,2025-10-19,payment,The payment process failed several times even though my account had sufficient funds.,negative,medium,dismissed,hotline
835,12,2026-04-08,insurance,The settlement amount for my claim appears incorrect.,negative,low,resolved,hotline
836,1,2025-11-29,payment,The company has not reflected my recent payment correctly.,negative,low,resolved,hotline
837,13,2025-02-16,payment,The payment process failed several times even though my account had sufficient funds. I am requesting an update regarding my case.,neutral,low,resolved,hotline
838,7,2025-02-21,fraud,I reported a suspicious transaction but have not received a response. My problem was solved and I received a clear explanation.,positive,low,resolved,website
839,1,2026-05-23,billing,I was billed twice for the same service.,negative,medium,resolved,branch
840,10,2026-05-19,service,The branch staff gave me conflicting information about my account. Please provide information about the status of my request.,neutral,medium,open,social_media
841,8,2026-05-18,insurance,The settlement amount for my claim appears incorrect.,negative,medium,open,website
842,17,2025-08-24,loan,I was charged an unexpected fee on my loan and customer service did not explain the charge. I am requesting an update regarding my case.,neutral,medium,resolved,website
843,11,2026-01-27,loan,I was charged an unexpected fee on my loan and customer service did not explain the charge.,negative,medium,open,social_media
844,20,2025-05-13,fraud,I reported a suspicious transaction but have not received a response.,negative,high,open,hotline
845,9,2025-11-30,payment,I was charged after the payment had already been completed.,negative,low,open,hotline
846,7,2025-04-23,loan,I was charged an unexpected fee on my loan and customer service did not explain the charge. The issue was resolved quickly and the staff were helpful.,positive,low,resolved,hotline
847,14,2025-06-07,billing,There is an incorrect charge on my account. I would like clarification about this transaction.,neutral,low,open,website
848,17,2025-06-26,payment,A payment was delayed and this caused an additional fee. Please provide information about the status of my request.,neutral,medium,resolved,website
849,4,2025-12-23,fraud,Someone appears to have used my account without authorization.,negative,high,resolved,hotline
850,17,2025-03-24,loan,I requested a copy of my loan agreement but have not received it.,negative,medium,resolved,hotline
851,15,2025-05-18,loan,I was charged an unexpected fee on my loan and customer service did not explain the charge.,negative,high,open,website
852,7,2025-08-22,service,Customer service did not resolve my issue despite several calls.,negative,medium,resolved,branch
853,17,2025-08-08,payment,My payment was deducted but the system still shows the amount as unpaid. My problem was solved and I received a clear explanation.,positive,low,resolved,website
854,13,2025-05-08,payment,The payment process failed several times even though my account had sufficient funds. The issue was resolved quickly and the staff were helpful.,positive,medium,resolved,branch
855,13,2025-01-16,fraud,I noticed a transaction that I do not recognize on my account.,negative,medium,open,hotline
856,7,2025-10-24,loan,The loan application has been delayed for several weeks and I have not received a clear explanation. I would like clarification about this transaction.,neutral,low,resolved,social_media
857,11,2025-12-25,payment,I was charged after the payment had already been completed.,negative,high,resolved,branch
858,2,2025-06-02,billing,I was billed twice for the same service. The issue was resolved quickly and the staff were helpful.,positive,medium,open,branch
859,1,2025-12-06,billing,The invoice contains an amount that I did not authorize.,negative,medium,resolved,branch
860,1,2026-08-21,loan,I was charged an unexpected fee on my loan and customer service did not explain the charge.,negative,low,resolved,website
861,2,2026-08-24,billing,I was charged a fee that was not clearly disclosed.,negative,high,open,hotline
862,7,2026-02-17,loan,I requested a copy of my loan agreement but have not received it.,negative,high,resolved,website
863,8,2026-07-12,billing,There is an incorrect charge on my account.,negative,high,resolved,branch
864,17,2025-11-15,service,Customer service did not resolve my issue despite several calls.,negative,low,resolved,website
865,17,2025-02-26,fraud,There are unauthorized charges on my account.,negative,high,resolved,branch
866,20,2025-08-04,insurance,My insurance claim has been pending for a long time without a clear update.,negative,low,open,branch
867,12,2026-08-23,insurance,I was charged a premium that does not match the information in my policy. I am requesting an update regarding my case.,neutral,low,resolved,branch
868,15,2025-07-12,service,The branch staff gave me conflicting information about my account.,negative,medium,resolved,hotline
869,14,2025-10-19,loan,I requested a copy of my loan agreement but have not received it.,negative,medium,resolved,branch
870,20,2025-09-10,service,My request was closed without solving the problem.,negative,medium,open,social_media
871,9,2025-07-22,service,I have been waiting too long for a response from the company. I would like clarification about this transaction.,neutral,medium,resolved,website
872,15,2026-08-17,insurance,The company has not responded to my insurance complaint. I would like clarification about this transaction.,neutral,medium,resolved,website
873,20,2025-05-13,service,I have been waiting too long for a response from the company.,negative,medium,open,branch
874,11,2026-01-31,billing,There is an incorrect charge on my account. I am requesting an update regarding my case.,neutral,medium,resolved,hotline
875,20,2025-11-07,loan,The loan application has been delayed for several weeks and I have not received a clear explanation.,negative,high,open,hotline
876,13,2026-05-12,billing,I was charged a fee that was not clearly disclosed.,negative,medium,resolved,hotline
877,11,2025-10-12,payment,A payment was delayed and this caused an additional fee.,negative,medium,resolved,website
878,11,2026-03-02,insurance,The claim was rejected and I was not given a sufficient explanation. Please provide information about the status of my request.,neutral,low,open,website
879,19,2025-04-01,service,My request was closed without solving the problem. Please provide information about the status of my request.,neutral,low,open,website
880,9,2025-04-15,service,Customer service did not resolve my issue despite several calls. I am requesting an update regarding my case.,neutral,low,open,branch
881,18,2026-04-09,payment,A payment was delayed and this caused an additional fee.,negative,low,resolved,website
882,5,2025-08-02,billing,The invoice contains an amount that I did not authorize.,negative,high,resolved,hotline
883,8,2026-05-19,loan,The loan application has been delayed for several weeks and I have not received a clear explanation. I would like clarification about this transaction.,neutral,low,open,social_media
884,4,2026-07-24,billing,I was charged a fee that was not clearly disclosed. Customer service handled my request professionally.,positive,medium,resolved,website
885,19,2026-03-17,fraud,I reported a suspicious transaction but have not received a response. I am requesting an update regarding my case.,neutral,medium,resolved,branch
886,5,2025-06-11,insurance,My insurance claim has been pending for a long time without a clear update.,negative,low,dismissed,website
887,9,2025-03-03,insurance,My insurance claim has been pending for a long time without a clear update.,negative,medium,open,social_media
888,14,2025-07-27,service,My request was closed without solving the problem. Please provide information about the status of my request.,neutral,low,resolved,hotline
889,12,2025-10-04,service,I have been waiting too long for a response from the company.,negative,medium,resolved,website
890,1,2026-06-29,billing,A payment was recorded incorrectly on my account. Please provide information about the status of my request.,neutral,medium,dismissed,social_media
891,2,2026-06-24,service,I have been waiting too long for a response from the company.,negative,medium,open,branch
892,16,2025-04-09,loan,The loan application has been delayed for several weeks and I have not received a clear explanation.,negative,low,open,website
893,17,2025-01-20,fraud,Someone appears to have used my account without authorization. I am requesting an update regarding my case.,neutral,low,resolved,website
894,16,2025-08-03,service,My request was closed without solving the problem.,negative,medium,dismissed,hotline
895,12,2025-04-16,service,The branch staff gave me conflicting information about my account. Please provide information about the status of my request.,neutral,low,resolved,website
896,16,2025-11-26,billing,I was charged a fee that was not clearly disclosed.,negative,high,resolved,branch
897,14,2025-06-27,service,The branch staff gave me conflicting information about my account.,negative,medium,open,social_media
898,10,2025-11-22,fraud,I noticed a transaction that I do not recognize on my account.,negative,high,open,branch
899,14,2026-02-18,payment,My payment was deducted but the system still shows the amount as unpaid.,negative,medium,open,branch
900,8,2025-01-23,billing,I was billed twice for the same service.,negative,high,resolved,website
901,15,2025-03-26,service,I have been waiting too long for a response from the company.,negative,low,open,branch
902,2,2026-02-25,payment,My payment was deducted but the system still shows the amount as unpaid.,negative,low,resolved,hotline
903,9,2026-07-04,loan,I was charged an unexpected fee on my loan and customer service did not explain the charge.,negative,medium,dismissed,social_media
904,12,2025-08-27,service,The branch staff gave me conflicting information about my account.,negative,medium,dismissed,social_media
905,14,2025-09-10,service,I have been waiting too long for a response from the company.,negative,high,resolved,branch
906,19,2026-05-14,payment,A payment was delayed and this caused an additional fee.,negative,low,open,hotline
907,9,2025-04-20,service,My request was closed without solving the problem.,negative,low,dismissed,hotline
908,11,2025-08-01,fraud,There are unauthorized charges on my account. Please provide information about the status of my request.,neutral,low,dismissed,website
909,20,2026-02-14,billing,A payment was recorded incorrectly on my account.,negative,medium,resolved,website
910,6,2026-06-24,billing,A payment was recorded incorrectly on my account.,negative,low,resolved,website
911,2,2026-06-29,service,My request was closed without solving the problem. I am requesting an update regarding my case.,neutral,low,open,website
912,17,2025-02-12,payment,I was charged after the payment had already been completed.,negative,high,resolved,website
913,8,2026-07-15,loan,The company contacted me repeatedly about a payment that I already made. Please provide information about the status of my request.,neutral,low,resolved,hotline
914,19,2026-04-08,insurance,I was charged a premium that does not match the information in my policy. Customer service handled my request professionally.,positive,low,open,hotline
915,7,2026-08-10,loan,I was charged an unexpected fee on my loan and customer service did not explain the charge.,negative,low,resolved,branch
916,20,2025-03-14,fraud,I noticed a transaction that I do not recognize on my account.,negative,high,resolved,branch
917,2,2025-11-13,service,My request was closed without solving the problem.,negative,medium,open,website
918,15,2026-08-02,insurance,I was charged a premium that does not match the information in my policy.,negative,high,resolved,hotline
919,10,2025-02-26,insurance,My insurance claim has been pending for a long time without a clear update.,negative,low,resolved,hotline
920,15,2025-02-10,service,My request was closed without solving the problem.,negative,medium,open,website
921,7,2025-07-28,billing,The invoice contains an amount that I did not authorize. I am requesting an update regarding my case.,neutral,high,open,social_media
922,6,2025-10-27,fraud,Someone appears to have used my account without authorization. The issue was resolved quickly and the staff were helpful.,positive,low,resolved,website
923,14,2025-12-31,billing,A payment was recorded incorrectly on my account.,negative,high,open,hotline
924,12,2025-01-11,payment,The payment process failed several times even though my account had sufficient funds. The issue was resolved quickly and the staff were helpful.,positive,medium,open,hotline
925,9,2026-03-19,loan,The loan application has been delayed for several weeks and I have not received a clear explanation.,negative,medium,resolved,website
926,8,2026-01-21,payment,My payment was deducted but the system still shows the amount as unpaid. My problem was solved and I received a clear explanation.,positive,low,resolved,social_media
927,14,2025-06-01,billing,I was billed twice for the same service. I would like clarification about this transaction.,neutral,low,resolved,hotline
928,15,2025-11-24,billing,The invoice contains an amount that I did not authorize.,negative,low,dismissed,branch
929,4,2025-12-12,payment,I was charged after the payment had already been completed.,negative,low,resolved,hotline
930,17,2026-08-23,loan,I requested a copy of my loan agreement but have not received it.,negative,medium,resolved,website
931,11,2025-01-17,billing,I was billed twice for the same service.,negative,low,dismissed,hotline
932,12,2025-07-23,insurance,The settlement amount for my claim appears incorrect. Please provide information about the status of my request.,neutral,medium,open,social_media
933,14,2026-06-06,payment,The payment process failed several times even though my account had sufficient funds.,negative,medium,resolved,hotline
934,16,2025-04-11,payment,The company has not reflected my recent payment correctly. I would like clarification about this transaction.,neutral,low,resolved,website
935,12,2025-06-17,payment,My payment was deducted but the system still shows the amount as unpaid.,negative,medium,open,hotline
936,12,2026-07-28,fraud,I reported a suspicious transaction but have not received a response.,negative,high,open,website
937,18,2025-08-22,payment,The payment process failed several times even though my account had sufficient funds.,negative,medium,open,branch
938,11,2025-12-17,payment,My payment was deducted but the system still shows the amount as unpaid. The issue was resolved quickly and the staff were helpful.,positive,low,dismissed,website
939,20,2025-12-19,loan,The loan application has been delayed for several weeks and I have not received a clear explanation.,negative,medium,open,branch
940,20,2026-01-17,billing,A payment was recorded incorrectly on my account. Customer service handled my request professionally.,positive,medium,resolved,branch
941,15,2025-03-14,fraud,I noticed a transaction that I do not recognize on my account.,negative,high,resolved,hotline
942,6,2025-05-02,fraud,Someone appears to have used my account without authorization.,negative,high,resolved,branch
943,19,2025-02-13,loan,The company contacted me repeatedly about a payment that I already made. Customer service handled my request professionally.,positive,low,resolved,website
944,13,2025-03-30,fraud,I believe my account information may have been compromised.,negative,high,resolved,website
945,17,2026-05-18,insurance,I was charged a premium that does not match the information in my policy.,negative,medium,resolved,hotline
946,4,2025-12-25,loan,My installment amount appears different from the amount agreed in the contract.,negative,low,resolved,hotline
947,10,2026-04-17,loan,The loan application has been delayed for several weeks and I have not received a clear explanation. Customer service handled my request professionally.,positive,low,resolved,hotline
948,2,2025-09-01,loan,The company contacted me repeatedly about a payment that I already made.,negative,low,resolved,hotline
949,7,2025-08-09,payment,My payment was deducted but the system still shows the amount as unpaid. The issue was resolved quickly and the staff were helpful.,positive,low,open,social_media
950,9,2025-01-10,service,Customer service did not resolve my issue despite several calls. Customer service handled my request professionally.,positive,low,open,hotline
951,9,2025-01-02,payment,The company has not reflected my recent payment correctly.,negative,medium,resolved,hotline
952,14,2025-07-26,payment,The company has not reflected my recent payment correctly.,negative,low,open,hotline
953,1,2025-07-06,payment,I was charged after the payment had already been completed.,negative,high,dismissed,hotline
954,17,2025-07-17,loan,I was charged an unexpected fee on my loan and customer service did not explain the charge. I am requesting an update regarding my case.,neutral,medium,open,hotline
955,13,2025-11-21,insurance,The settlement amount for my claim appears incorrect.,negative,medium,resolved,branch
956,4,2025-09-14,loan,I was charged an unexpected fee on my loan and customer service did not explain the charge.,negative,high,open,website
957,1,2025-06-07,billing,There is an incorrect charge on my account.,negative,low,resolved,website
958,17,2026-03-25,payment,My payment was deducted but the system still shows the amount as unpaid. The issue was resolved quickly and the staff were helpful.,positive,low,dismissed,branch
959,1,2025-05-25,loan,I was charged an unexpected fee on my loan and customer service did not explain the charge. I would like clarification about this transaction.,neutral,low,resolved,hotline
960,14,2026-07-16,insurance,My insurance claim has been pending for a long time without a clear update.,negative,low,open,hotline
961,4,2026-01-09,service,My request was closed without solving the problem. My problem was solved and I received a clear explanation.,positive,low,open,website
962,16,2026-04-21,billing,There is an incorrect charge on my account.,negative,high,open,hotline
963,15,2025-02-01,loan,My installment amount appears different from the amount agreed in the contract. I am requesting an update regarding my case.,neutral,medium,open,hotline
964,9,2026-04-18,loan,My installment amount appears different from the amount agreed in the contract.,negative,medium,open,website
965,11,2026-05-01,payment,The company has not reflected my recent payment correctly. I would like clarification about this transaction.,neutral,low,resolved,website
966,11,2025-05-27,fraud,I reported a suspicious transaction but have not received a response.,negative,medium,resolved,branch
967,17,2025-11-18,payment,The payment process failed several times even though my account had sufficient funds.,negative,low,resolved,branch
968,17,2025-01-02,fraud,I believe my account information may have been compromised.,negative,high,open,social_media
969,10,2025-10-02,billing,The invoice contains an amount that I did not authorize.,negative,low,open,website
970,7,2025-08-30,loan,The company contacted me repeatedly about a payment that I already made.,negative,medium,resolved,hotline
971,11,2025-05-06,insurance,I was charged a premium that does not match the information in my policy.,negative,medium,resolved,website
972,14,2026-07-16,service,I could not get a clear answer regarding the service I requested. I would like clarification about this transaction.,neutral,low,open,hotline
973,17,2026-07-23,billing,I was charged a fee that was not clearly disclosed.,negative,medium,resolved,branch
974,17,2025-12-04,loan,I requested a copy of my loan agreement but have not received it.,negative,low,resolved,branch
975,11,2025-03-09,insurance,The settlement amount for my claim appears incorrect.,negative,low,resolved,branch
976,20,2025-01-23,service,I could not get a clear answer regarding the service I requested.,negative,medium,open,social_media
977,18,2026-04-12,insurance,The settlement amount for my claim appears incorrect.,negative,high,resolved,branch
978,1,2025-06-25,loan,The company contacted me repeatedly about a payment that I already made.,negative,low,open,hotline
979,3,2025-02-10,payment,My payment was deducted but the system still shows the amount as unpaid.,negative,medium,open,branch
980,3,2026-05-17,billing,The invoice contains an amount that I did not authorize. I would like clarification about this transaction.,neutral,low,dismissed,social_media
981,19,2026-01-31,payment,My payment was deducted but the system still shows the amount as unpaid. Please provide information about the status of my request.,neutral,high,resolved,social_media
982,19,2025-04-22,billing,There is an incorrect charge on my account.,negative,medium,open,website
983,14,2026-07-18,billing,A payment was recorded incorrectly on my account.,negative,low,resolved,branch
984,2,2026-08-04,fraud,I reported a suspicious transaction but have not received a response.,negative,high,resolved,branch
985,3,2025-04-07,payment,I was charged after the payment had already been completed.,negative,medium,resolved,website
986,5,2025-07-16,payment,I was charged after the payment had already been completed.,negative,medium,resolved,website
987,6,2025-07-19,billing,I was billed twice for the same service.,negative,low,resolved,hotline
988,20,2026-05-15,insurance,The settlement amount for my claim appears incorrect.,negative,low,resolved,hotline
989,10,2026-01-22,insurance,The claim was rejected and I was not given a sufficient explanation. I would like clarification about this transaction.,neutral,medium,resolved,social_media
990,2,2025-07-22,billing,There is an incorrect charge on my account.,negative,low,open,website
991,1,2025-10-02,payment,I was charged after the payment had already been completed. Please provide information about the status of my request.,neutral,medium,open,social_media
992,14,2025-12-16,service,Customer service did not resolve my issue despite several calls.,negative,low,resolved,website
993,20,2026-02-25,fraud,I reported a suspicious transaction but have not received a response.,negative,high,resolved,branch
994,13,2025-02-06,billing,The invoice contains an amount that I did not authorize.,negative,medium,resolved,hotline
995,7,2025-07-03,fraud,I believe my account information may have been compromised. I am requesting an update regarding my case.,neutral,medium,open,branch
996,14,2026-05-11,fraud,There are unauthorized charges on my account.,negative,high,dismissed,hotline
997,19,2025-07-27,service,Customer service did not resolve my issue despite several calls.,negative,medium,resolved,branch
998,18,2025-12-05,payment,My payment was deducted but the system still shows the amount as unpaid.,negative,low,resolved,hotline
999,8,2026-06-29,loan,The loan application has been delayed for several weeks and I have not received a clear explanation. I would like clarification about this transaction.,neutral,medium,open,hotline
1000,15,2026-03-13,insurance,My insurance claim has been pending for a long time without a clear update. I would like clarification about this transaction.,neutral,medium,open,website
1001,16,2025-12-11,payment,A payment was delayed and this caused an additional fee.,negative,medium,open,social_media
1002,13,2026-03-16,payment,I was charged after the payment had already been completed.,negative,medium,open,hotline
1003,12,2026-07-12,loan,I was charged an unexpected fee on my loan and customer service did not explain the charge. I would like clarification about this transaction.,neutral,medium,open,branch
1004,3,2026-07-20,payment,A payment was delayed and this caused an additional fee.,negative,medium,resolved,website
1005,10,2026-07-15,service,Customer service did not resolve my issue despite several calls.,negative,low,open,hotline
1006,9,2026-04-10,billing,I was billed twice for the same service.,negative,low,resolved,hotline
1007,12,2026-08-04,fraud,I believe my account information may have been compromised. I am requesting an update regarding my case.,neutral,medium,open,hotline
1008,5,2025-10-20,service,Customer service did not resolve my issue despite several calls.,negative,low,resolved,hotline
1009,15,2026-06-06,fraud,I believe my account information may have been compromised.,negative,high,dismissed,branch
1010,1,2025-01-15,payment,I was charged after the payment had already been completed.,negative,high,open,hotline
1011,8,2025-05-27,fraud,Someone appears to have used my account without authorization. I am requesting an update regarding my case.,neutral,medium,resolved,hotline
1012,3,2025-03-25,billing,There is an incorrect charge on my account.,negative,medium,resolved,branch
1013,13,2025-12-05,payment,I was charged after the payment had already been completed.,negative,medium,resolved,hotline
1014,15,2025-06-14,loan,My installment amount appears different from the amount agreed in the contract.,negative,low,open,branch
1015,6,2025-01-22,payment,I was charged after the payment had already been completed.,negative,low,resolved,website
1016,16,2026-04-01,payment,A payment was delayed and this caused an additional fee.,negative,medium,resolved,website
1017,9,2026-04-30,payment,I was charged after the payment had already been completed. I would like clarification about this transaction.,neutral,medium,resolved,website
1018,19,2026-02-24,service,Customer service did not resolve my issue despite several calls.,negative,low,open,social_media
1019,12,2026-03-21,billing,There is an incorrect charge on my account. Please provide information about the status of my request.,neutral,low,resolved,website
1020,18,2026-07-23,payment,The company has not reflected my recent payment correctly.,negative,low,resolved,social_media
1021,7,2026-07-14,billing,The invoice contains an amount that I did not authorize.,negative,medium,resolved,hotline
1022,5,2026-08-01,insurance,The claim was rejected and I was not given a sufficient explanation.,negative,high,resolved,branch
1023,6,2025-10-29,loan,The loan application has been delayed for several weeks and I have not received a clear explanation.,negative,low,open,branch
1024,13,2025-11-04,loan,The loan application has been delayed for several weeks and I have not received a clear explanation.,negative,low,dismissed,hotline
1025,9,2026-03-01,loan,The loan application has been delayed for several weeks and I have not received a clear explanation.,negative,low,open,website
1026,10,2025-06-04,insurance,The company has not responded to my insurance complaint.,negative,high,open,branch
1027,3,2025-02-28,insurance,My insurance claim has been pending for a long time without a clear update.,negative,medium,resolved,branch
1028,2,2026-08-06,payment,I was charged after the payment had already been completed.,negative,medium,dismissed,branch
1029,10,2026-03-08,billing,The invoice contains an amount that I did not authorize. I would like clarification about this transaction.,neutral,low,resolved,branch
1030,20,2025-03-27,service,I could not get a clear answer regarding the service I requested.,negative,medium,resolved,website
1031,17,2025-09-13,service,Customer service did not resolve my issue despite several calls.,negative,medium,open,branch
1032,19,2025-09-28,payment,The payment process failed several times even though my account had sufficient funds.,negative,low,open,hotline
1033,8,2026-05-18,service,My request was closed without solving the problem.,negative,medium,open,website
1034,16,2026-04-02,loan,I requested a copy of my loan agreement but have not received it.,negative,medium,open,branch
1035,7,2026-01-03,billing,The invoice contains an amount that I did not authorize. I would like clarification about this transaction.,neutral,medium,resolved,website
1036,20,2025-04-02,insurance,My insurance claim has been pending for a long time without a clear update.,negative,low,resolved,branch
1037,3,2025-08-29,loan,My installment amount appears different from the amount agreed in the contract.,negative,medium,open,branch
1038,9,2026-06-17,insurance,I was charged a premium that does not match the information in my policy.,negative,medium,resolved,hotline
1039,20,2025-08-31,service,Customer service did not resolve my issue despite several calls.,negative,low,resolved,website
1040,16,2025-01-01,fraud,There are unauthorized charges on my account.,negative,high,resolved,branch
1041,17,2026-01-31,insurance,The settlement amount for my claim appears incorrect.,negative,medium,resolved,website
1042,20,2026-04-26,insurance,My insurance claim has been pending for a long time without a clear update.,negative,high,resolved,hotline
1043,20,2026-06-15,payment,I was charged after the payment had already been completed.,negative,high,open,branch
1044,13,2025-06-07,billing,I was billed twice for the same service.,negative,low,open,social_media
1045,12,2026-07-04,fraud,I reported a suspicious transaction but have not received a response.,negative,high,open,hotline
1046,3,2026-06-20,payment,The payment process failed several times even though my account had sufficient funds. I would like clarification about this transaction.,neutral,low,open,social_media
1047,20,2025-07-30,payment,I was charged after the payment had already been completed.,negative,low,resolved,hotline
1048,5,2026-07-15,payment,A payment was delayed and this caused an additional fee.,negative,low,open,social_media
1049,9,2026-02-15,fraud,Someone appears to have used my account without authorization.,negative,high,resolved,hotline
1050,8,2025-04-05,insurance,The claim was rejected and I was not given a sufficient explanation.,negative,high,open,hotline
1051,9,2025-12-02,billing,I was charged a fee that was not clearly disclosed.,negative,medium,open,website
1052,19,2025-09-30,service,Customer service did not resolve my issue despite several calls.,negative,medium,open,branch
1053,20,2025-08-29,fraud,I believe my account information may have been compromised.,negative,high,open,hotline
1054,13,2026-05-07,service,I could not get a clear answer regarding the service I requested.,negative,medium,resolved,hotline
1055,10,2025-06-11,service,The branch staff gave me conflicting information about my account.,negative,medium,resolved,hotline
1056,5,2026-05-05,loan,The company contacted me repeatedly about a payment that I already made.,negative,high,resolved,hotline
1057,14,2025-01-26,fraud,Someone appears to have used my account without authorization.,negative,medium,resolved,social_media
1058,15,2026-05-17,loan,The loan application has been delayed for several weeks and I have not received a clear explanation.,negative,medium,open,social_media
1059,19,2025-05-13,loan,I requested a copy of my loan agreement but have not received it.,negative,medium,resolved,website
1060,7,2026-08-01,billing,A payment was recorded incorrectly on my account.,negative,medium,dismissed,website
1061,7,2026-08-01,insurance,My insurance claim has been pending for a long time without a clear update.,negative,low,open,hotline
1062,9,2026-06-13,insurance,The claim was rejected and I was not given a sufficient explanation. Please provide information about the status of my request.,neutral,low,resolved,branch
1063,9,2025-03-15,fraud,I noticed a transaction that I do not recognize on my account.,negative,high,dismissed,hotline
1064,16,2025-03-15,payment,I was charged after the payment had already been completed.,negative,medium,dismissed,branch
1065,1,2025-04-25,insurance,The claim was rejected and I was not given a sufficient explanation. Customer service handled my request professionally.,positive,low,dismissed,social_media
1066,4,2025-10-05,fraud,I believe my account information may have been compromised.,negative,medium,resolved,website
1067,4,2026-01-08,insurance,My insurance claim has been pending for a long time without a clear update.,negative,low,resolved,website
1068,11,2025-03-02,payment,The company has not reflected my recent payment correctly.,negative,low,open,social_media
1069,4,2025-12-08,insurance,My insurance claim has been pending for a long time without a clear update.,negative,medium,resolved,hotline
1070,5,2026-07-27,insurance,The settlement amount for my claim appears incorrect. Customer service handled my request professionally.,positive,low,resolved,branch
1071,19,2026-01-02,loan,The loan application has been delayed for several weeks and I have not received a clear explanation.,negative,low,open,hotline
1072,19,2025-02-03,billing,A payment was recorded incorrectly on my account.,negative,high,resolved,website
1073,4,2025-08-10,loan,My installment amount appears different from the amount agreed in the contract. Customer service handled my request professionally.,positive,low,resolved,social_media
1074,7,2025-10-09,loan,My installment amount appears different from the amount agreed in the contract.,negative,high,resolved,hotline
1075,8,2025-09-06,insurance,The company has not responded to my insurance complaint. I am requesting an update regarding my case.,neutral,low,resolved,website
1076,11,2025-05-02,loan,The company contacted me repeatedly about a payment that I already made.,negative,high,resolved,website
1077,10,2026-02-20,loan,The loan application has been delayed for several weeks and I have not received a clear explanation.,negative,low,open,branch
1078,16,2026-01-01,loan,My installment amount appears different from the amount agreed in the contract.,negative,high,resolved,hotline
1079,17,2026-02-17,loan,The loan application has been delayed for several weeks and I have not received a clear explanation.,negative,low,open,hotline
1080,12,2025-11-13,service,I could not get a clear answer regarding the service I requested.,negative,medium,dismissed,hotline
1081,2,2025-03-27,loan,My installment amount appears different from the amount agreed in the contract.,negative,low,resolved,social_media
1082,6,2025-11-05,loan,The company contacted me repeatedly about a payment that I already made.,negative,medium,open,branch
1083,5,2025-11-14,loan,I was charged an unexpected fee on my loan and customer service did not explain the charge.,negative,medium,resolved,hotline
1084,15,2026-02-16,billing,I was charged a fee that was not clearly disclosed.,negative,low,resolved,hotline
1085,18,2026-06-04,insurance,The company has not responded to my insurance complaint.,negative,high,open,social_media
1086,12,2025-08-21,loan,I requested a copy of my loan agreement but have not received it.,negative,medium,resolved,branch
1087,7,2025-11-26,loan,I was charged an unexpected fee on my loan and customer service did not explain the charge.,negative,low,resolved,branch
1088,19,2025-01-19,loan,The loan application has been delayed for several weeks and I have not received a clear explanation.,negative,low,open,social_media
1089,7,2026-04-03,payment,A payment was delayed and this caused an additional fee. I am requesting an update regarding my case.,neutral,low,open,branch
1090,20,2026-07-20,billing,A payment was recorded incorrectly on my account.,negative,medium,resolved,hotline
1091,2,2025-09-14,insurance,The settlement amount for my claim appears incorrect. I am requesting an update regarding my case.,neutral,low,open,website
1092,12,2026-08-17,fraud,I reported a suspicious transaction but have not received a response.,negative,high,resolved,branch
1093,13,2026-05-07,payment,A payment was delayed and this caused an additional fee.,negative,low,resolved,hotline
1094,20,2026-05-07,loan,The loan application has been delayed for several weeks and I have not received a clear explanation.,negative,low,resolved,website
1095,4,2026-04-04,payment,I was charged after the payment had already been completed. I am requesting an update regarding my case.,neutral,medium,resolved,website
1096,17,2026-01-08,service,Customer service did not resolve my issue despite several calls.,negative,low,open,website
1097,1,2026-08-09,fraud,There are unauthorized charges on my account. Please provide information about the status of my request.,neutral,medium,resolved,website
1098,17,2025-01-24,loan,My installment amount appears different from the amount agreed in the contract.,negative,medium,open,website
1099,16,2026-02-02,insurance,The settlement amount for my claim appears incorrect.,negative,medium,resolved,hotline
1100,7,2025-08-30,loan,The loan application has been delayed for several weeks and I have not received a clear explanation.,negative,medium,resolved,branch
1101,2,2026-04-17,loan,My installment amount appears different from the amount agreed in the contract.,negative,low,open,branch
1102,19,2025-10-08,loan,The loan application has been delayed for several weeks and I have not received a clear explanation.,negative,medium,dismissed,branch
1103,12,2025-08-09,loan,The company contacted me repeatedly about a payment that I already made.,negative,high,resolved,hotline
1104,16,2026-05-15,payment,I was charged after the payment had already been completed.,negative,high,resolved,branch
1105,6,2025-10-27,loan,The company contacted me repeatedly about a payment that I already made.,negative,low,resolved,branch
1106,15,2025-07-27,fraud,I reported a suspicious transaction but have not received a response.,negative,medium,resolved,hotline
1107,9,2025-07-05,loan,The company contacted me repeatedly about a payment that I already made.,negative,medium,dismissed,branch
1108,4,2026-02-13,insurance,I was charged a premium that does not match the information in my policy. The issue was resolved quickly and the staff were helpful.,positive,low,resolved,website
1109,8,2025-07-26,service,I could not get a clear answer regarding the service I requested.,negative,medium,open,hotline
1110,13,2025-06-25,billing,There is an incorrect charge on my account.,negative,medium,open,social_media
1111,14,2026-04-02,insurance,The claim was rejected and I was not given a sufficient explanation.,negative,low,resolved,branch
1112,15,2026-05-18,billing,The invoice contains an amount that I did not authorize. I am requesting an update regarding my case.,neutral,high,dismissed,website
1113,14,2025-10-27,payment,I was charged after the payment had already been completed.,negative,medium,open,website
1114,18,2025-12-19,loan,I requested a copy of my loan agreement but have not received it.,negative,high,resolved,website
1115,7,2025-06-21,payment,I was charged after the payment had already been completed.,negative,high,dismissed,hotline
1116,5,2026-02-28,loan,The company contacted me repeatedly about a payment that I already made.,negative,high,open,hotline
1117,1,2025-11-03,payment,The company has not reflected my recent payment correctly.,negative,low,open,social_media
1118,15,2026-07-26,billing,I was billed twice for the same service.,negative,medium,resolved,website
1119,17,2026-01-16,loan,I was charged an unexpected fee on my loan and customer service did not explain the charge.,negative,high,open,website
1120,18,2026-03-31,insurance,The settlement amount for my claim appears incorrect.,negative,medium,resolved,hotline
1121,10,2026-07-09,loan,The loan application has been delayed for several weeks and I have not received a clear explanation.,negative,medium,resolved,social_media
1122,9,2025-03-17,billing,I was billed twice for the same service.,negative,low,resolved,branch
1123,1,2025-02-21,billing,I was charged a fee that was not clearly disclosed.,negative,high,resolved,branch
1124,15,2026-07-15,service,I could not get a clear answer regarding the service I requested.,negative,high,dismissed,branch
1125,15,2025-11-05,service,I could not get a clear answer regarding the service I requested.,negative,medium,open,website
1126,20,2025-09-17,payment,I was charged after the payment had already been completed.,negative,medium,open,website
1127,5,2025-08-30,insurance,My insurance claim has been pending for a long time without a clear update. The issue was resolved quickly and the staff were helpful.,positive,low,open,website
1128,6,2025-05-11,billing,I was billed twice for the same service.,negative,low,open,website
1129,9,2025-09-16,loan,The loan application has been delayed for several weeks and I have not received a clear explanation. I would like clarification about this transaction.,neutral,medium,resolved,branch
1130,19,2025-07-12,loan,I requested a copy of my loan agreement but have not received it.,negative,medium,open,social_media
1131,9,2025-09-23,service,Customer service did not resolve my issue despite several calls.,negative,medium,resolved,social_media
1132,8,2025-11-10,service,The branch staff gave me conflicting information about my account.,negative,medium,resolved,branch
1133,19,2025-04-17,insurance,The company has not responded to my insurance complaint. I am requesting an update regarding my case.,neutral,low,open,social_media
1134,3,2025-09-03,payment,The company has not reflected my recent payment correctly. I am requesting an update regarding my case.,neutral,low,open,branch
1135,15,2026-01-29,insurance,The settlement amount for my claim appears incorrect.,negative,medium,open,hotline
1136,15,2025-04-08,payment,The payment process failed several times even though my account had sufficient funds. I am requesting an update regarding my case.,neutral,low,resolved,hotline
1137,5,2025-02-13,payment,My payment was deducted but the system still shows the amount as unpaid.,negative,low,open,branch
1138,14,2025-04-19,loan,The loan application has been delayed for several weeks and I have not received a clear explanation.,negative,medium,open,website
1139,2,2026-06-25,service,The branch staff gave me conflicting information about my account.,negative,medium,resolved,hotline
1140,15,2025-05-15,billing,I was billed twice for the same service. Please provide information about the status of my request.,neutral,low,resolved,website
1141,16,2025-11-29,service,The branch staff gave me conflicting information about my account.,negative,medium,open,website
1142,11,2025-04-11,loan,The loan application has been delayed for several weeks and I have not received a clear explanation.,negative,medium,open,website
1143,7,2025-12-08,loan,I requested a copy of my loan agreement but have not received it.,negative,medium,open,website
1144,17,2025-04-12,service,I could not get a clear answer regarding the service I requested. I would like clarification about this transaction.,neutral,low,open,hotline
1145,1,2025-12-30,insurance,The settlement amount for my claim appears incorrect. I would like clarification about this transaction.,neutral,medium,open,hotline
1146,2,2025-06-14,billing,I was charged a fee that was not clearly disclosed. I would like clarification about this transaction.,neutral,medium,resolved,hotline
1147,16,2026-06-08,service,Customer service did not resolve my issue despite several calls.,negative,medium,resolved,social_media
1148,19,2026-08-09,service,I could not get a clear answer regarding the service I requested.,negative,medium,resolved,website
1149,8,2026-06-19,service,Customer service did not resolve my issue despite several calls. Customer service handled my request professionally.,positive,low,open,hotline
1150,14,2025-06-24,service,I have been waiting too long for a response from the company. I am requesting an update regarding my case.,neutral,low,open,website
1151,19,2026-08-02,billing,I was charged a fee that was not clearly disclosed.,negative,medium,resolved,branch
1152,4,2025-06-08,service,Customer service did not resolve my issue despite several calls.,negative,medium,open,hotline
1153,20,2026-04-24,loan,The company contacted me repeatedly about a payment that I already made. I am requesting an update regarding my case.,neutral,low,resolved,social_media
1154,7,2025-08-20,service,I could not get a clear answer regarding the service I requested.,negative,medium,open,website
1155,14,2026-02-23,insurance,The claim was rejected and I was not given a sufficient explanation. Please provide information about the status of my request.,neutral,low,resolved,branch
1156,3,2026-04-13,billing,I was charged a fee that was not clearly disclosed. Customer service handled my request professionally.,positive,low,resolved,branch
1157,15,2026-07-16,service,I have been waiting too long for a response from the company.,negative,medium,open,branch
1158,14,2025-07-18,fraud,There are unauthorized charges on my account.,negative,high,open,website
1159,16,2025-06-09,loan,I requested a copy of my loan agreement but have not received it.,negative,medium,resolved,branch
1160,16,2025-11-26,insurance,The settlement amount for my claim appears incorrect.,negative,medium,dismissed,hotline
1161,16,2025-01-27,billing,I was charged a fee that was not clearly disclosed.,negative,high,resolved,website
1162,6,2025-06-18,service,My request was closed without solving the problem.,negative,medium,resolved,social_media
1163,20,2026-06-15,insurance,The company has not responded to my insurance complaint.,negative,high,open,hotline
1164,10,2025-09-22,billing,There is an incorrect charge on my account.,negative,low,resolved,branch
1165,12,2025-02-15,service,My request was closed without solving the problem.,negative,medium,resolved,branch
1166,14,2026-05-26,fraud,I believe my account information may have been compromised.,negative,high,resolved,branch
1167,13,2025-08-22,insurance,The claim was rejected and I was not given a sufficient explanation.,negative,high,open,website
1168,15,2025-01-16,service,My request was closed without solving the problem. I am requesting an update regarding my case.,neutral,low,open,branch
1169,12,2026-04-20,billing,A payment was recorded incorrectly on my account.,negative,medium,open,branch
1170,12,2026-08-11,loan,The loan application has been delayed for several weeks and I have not received a clear explanation.,negative,low,dismissed,branch
1171,2,2025-10-12,payment,A payment was delayed and this caused an additional fee.,negative,medium,resolved,social_media
1172,8,2025-04-14,loan,I was charged an unexpected fee on my loan and customer service did not explain the charge.,negative,low,open,hotline
1173,17,2025-10-20,service,I could not get a clear answer regarding the service I requested.,negative,medium,resolved,website
1174,16,2026-05-06,service,The branch staff gave me conflicting information about my account.,negative,medium,open,website
1175,12,2026-06-04,service,I have been waiting too long for a response from the company.,negative,low,open,hotline
1176,8,2025-02-09,service,I could not get a clear answer regarding the service I requested.,negative,medium,resolved,social_media
1177,13,2025-10-07,payment,I was charged after the payment had already been completed. Customer service handled my request professionally.,positive,low,open,hotline
1178,2,2026-05-17,billing,I was charged a fee that was not clearly disclosed. Please provide information about the status of my request.,neutral,medium,resolved,hotline
1179,15,2025-05-17,service,Customer service did not resolve my issue despite several calls.,negative,high,resolved,hotline
1180,16,2026-06-16,billing,The invoice contains an amount that I did not authorize.,negative,medium,resolved,branch
1181,1,2025-07-20,billing,A payment was recorded incorrectly on my account.,negative,medium,resolved,website
1182,16,2025-09-30,service,I could not get a clear answer regarding the service I requested.,negative,medium,dismissed,hotline
1183,3,2025-06-17,insurance,I was charged a premium that does not match the information in my policy.,negative,medium,resolved,website
1184,13,2026-08-05,billing,I was charged a fee that was not clearly disclosed.,negative,low,resolved,social_media
1185,17,2025-05-25,service,Customer service did not resolve my issue despite several calls.,negative,medium,resolved,website
1186,19,2026-04-28,loan,The company contacted me repeatedly about a payment that I already made.,negative,medium,resolved,hotline
1187,10,2025-07-15,insurance,I was charged a premium that does not match the information in my policy.,negative,medium,open,social_media
1188,6,2025-11-13,service,My request was closed without solving the problem.,negative,low,open,hotline
1189,20,2025-09-21,service,I have been waiting too long for a response from the company.,negative,high,resolved,website
1190,18,2025-01-26,insurance,The company has not responded to my insurance complaint.,negative,medium,resolved,branch
1191,2,2026-02-11,payment,A payment was delayed and this caused an additional fee.,negative,medium,resolved,social_media
1192,14,2026-05-17,insurance,The settlement amount for my claim appears incorrect. I would like clarification about this transaction.,neutral,low,resolved,branch
1193,13,2026-01-06,payment,A payment was delayed and this caused an additional fee.,negative,high,resolved,branch
1194,7,2026-01-05,fraud,There are unauthorized charges on my account. I would like clarification about this transaction.,neutral,high,resolved,hotline
1195,3,2026-06-17,fraud,Someone appears to have used my account without authorization. I am requesting an update regarding my case.,neutral,low,dismissed,website
1196,18,2025-09-08,loan,I was charged an unexpected fee on my loan and customer service did not explain the charge.,negative,medium,resolved,website
1197,4,2026-02-05,fraud,There are unauthorized charges on my account.,negative,medium,open,branch
1198,13,2025-11-17,payment,I was charged after the payment had already been completed.,negative,low,resolved,hotline
1199,16,2026-01-04,billing,A payment was recorded incorrectly on my account. My problem was solved and I received a clear explanation.,positive,medium,resolved,branch
1200,7,2025-01-17,payment,My payment was deducted but the system still shows the amount as unpaid. I would like clarification about this transaction.,neutral,low,resolved,hotline
